,Datetime,Tweet Id,Text,Location
33,2021-02-19 23:59:42+00:00,1362914789094170627,"@Eagle1190591196 @GovAbbott Hi Eagle,

Why do you think Arkansasâ€™ snow plows are connected to global warming?

Thanks, 
Mike","{'word': 'Arkansas', 'spans': [{'start': 56, 'end': 64}], 'country_predicted': 'USA', 'country_conf': 0.9634983, 'geo': {'admin1': 'Arkansas', 'lat': '34.75037', 'lon': '-92.50044', 'country_code3': 'USA', 'geonameid': '4099753', 'place_name': 'Arkansas', 'feature_class': 'A', 'feature_code': 'ADM1'}}"
35,2021-02-19 23:59:41+00:00,1362914788297367554,@TonyStewart Florida sun and rain to snow but they were happy to see you! Enjoy the snowmobile time which I am sure you will! I just left the snow in Pa. to come home to Florida sunshine!,"{'word': 'Florida', 'spans': [{'start': 13, 'end': 20}], 'country_predicted': 'CHL', 'country_conf': 0.8212683, 'geo': {'admin1': 'ValparaÃ­so', 'lat': '-33.05429', 'lon': '-71.62239', 'country_code3': 'CHL', 'geonameid': '9034691', 'place_name': '8va. Comisaria Florida de Carabineros de Valparaiso', 'feature_class': 'S', 'feature_code': 'PP'}}"
36,2021-02-19 23:59:41+00:00,1362914788297367554,@TonyStewart Florida sun and rain to snow but they were happy to see you! Enjoy the snowmobile time which I am sure you will! I just left the snow in Pa. to come home to Florida sunshine!,"{'word': 'Pa.', 'spans': [{'start': 150, 'end': 153}], 'country_predicted': 'CMR', 'country_conf': 0.19553736}"
37,2021-02-19 23:59:41+00:00,1362914788297367554,@TonyStewart Florida sun and rain to snow but they were happy to see you! Enjoy the snowmobile time which I am sure you will! I just left the snow in Pa. to come home to Florida sunshine!,"{'word': 'Florida', 'spans': [{'start': 170, 'end': 177}], 'country_predicted': 'CHL', 'country_conf': 0.8212683, 'geo': {'admin1': 'ValparaÃ­so', 'lat': '-33.05429', 'lon': '-71.62239', 'country_code3': 'CHL', 'geonameid': '9034691', 'place_name': '8va. Comisaria Florida de Carabineros de Valparaiso', 'feature_class': 'S', 'feature_code': 'PP'}}"
46,2021-02-19 23:59:36+00:00,1362914764909924352,"@ThatEricAlper David Bowie. He and Imam were stuck on the same snow-delayed flight as my party. We almost rented a car together, but we ended up taking Amtrak from Baltimore to NYC.","{'word': 'Baltimore', 'spans': [{'start': 164, 'end': 173}], 'country_predicted': 'USA', 'country_conf': 0.957188, 'geo': {'admin1': 'Maryland', 'lat': '39.28808', 'lon': '-76.61076', 'country_code3': 'USA', 'geonameid': '6955120', 'place_name': 'Baltimore-Towson', 'feature_class': 'L', 'feature_code': 'RGNE'}}"
47,2021-02-19 23:59:36+00:00,1362914764909924352,"@ThatEricAlper David Bowie. He and Imam were stuck on the same snow-delayed flight as my party. We almost rented a car together, but we ended up taking Amtrak from Baltimore to NYC.","{'word': 'NYC', 'spans': [{'start': 177, 'end': 180}], 'country_predicted': 'USA', 'country_conf': 0.96374094, 'geo': {'admin1': 'New York', 'lat': '40.75622', 'lon': '-73.94128', 'country_code3': 'USA', 'geonameid': '9854983', 'place_name': 'Howard Johnson Inn. Long Island City Nyc Area', 'feature_class': 'S', 'feature_code': 'HTL'}}"
51,2021-02-19 23:59:33+00:00,1362914752616427526,"@oahnait @WSJ And you know where they lived &amp; I currently live! In Wisconsin where the weather can be -45 below F. Advice from where? What country are you in? Iâ€™ve been through MANY polar vortex, several feet of snow winters my whole life. Iâ€™ve driven to work. Iâ€™ve walked to school.","{'word': 'Wisconsin', 'spans': [{'start': 71, 'end': 80}], 'country_predicted': 'USA', 'country_conf': 0.9634983, 'geo': {'admin1': 'Wisconsin', 'lat': '44.50024', 'lon': '-90.00041', 'country_code3': 'USA', 'geonameid': '5279468', 'place_name': 'Wisconsin', 'feature_class': 'A', 'feature_code': 'ADM1'}}"
58,2021-02-19 23:59:29+00:00,1362914737328173056,"@ScottTheWoz Looks at snow, laughs in new york","{'word': 'new york', 'spans': [{'start': 38, 'end': 46}], 'country_predicted': 'USA', 'country_conf': 0.96374094, 'geo': {'admin1': 'New York', 'lat': '43.00035', 'lon': '-75.4999', 'country_code3': 'USA', 'geonameid': '5128638', 'place_name': 'New York', 'feature_class': 'A', 'feature_code': 'ADM1'}}"
66,2021-02-19 23:59:23+00:00,1362914709322792970,Snowflake 2022...heâ€™s got the snow balls  to stand up for Texas https://t.co/MrFKdcYQ4T,"{'word': 'Texas', 'spans': [{'start': 58, 'end': 63}], 'country_predicted': 'USA', 'country_conf': 0.9634983, 'geo': {'admin1': 'Texas', 'lat': '31.25044', 'lon': '-99.25061', 'country_code3': 'USA', 'geonameid': '4736286', 'place_name': 'Texas', 'feature_class': 'A', 'feature_code': 'ADM1'}}"
86,2021-02-19 23:59:13+00:00,1362914668138950658,"so the rabbit hutch in the yard is currently buried under several feet of snow, so the rabbit is right now inside with us. he's figured out that thumping is foot on the ground makes us pick him up, so that's now basically all he does all day","{'word': 'us', 'spans': [{'start': 182, 'end': 184}], 'country_predicted': 'FRA', 'country_conf': 0.28868943}"
95,2021-02-19 23:59:06+00:00,1362914641328959489,"I am old enough to remember when the US Postal Service said we deliver rain, sleet, or snow. I am in Texas and havenâ€™t seen them in 3 days!","{'word': 'Texas', 'spans': [{'start': 101, 'end': 106}], 'country_predicted': 'USA', 'country_conf': 0.9634983, 'geo': {'admin1': 'Texas', 'lat': '31.25044', 'lon': '-99.25061', 'country_code3': 'USA', 'geonameid': '4736286', 'place_name': 'Texas', 'feature_class': 'A', 'feature_code': 'ADM1'}}"
96,2021-02-19 23:59:06+00:00,1362914640242626563,I donâ€™t remember snow hitting Texas under trump this is because of Biden,"{'word': 'Texas', 'spans': [{'start': 30, 'end': 35}], 'country_predicted': 'USA', 'country_conf': 0.9634983, 'geo': {'admin1': 'Texas', 'lat': '31.25044', 'lon': '-99.25061', 'country_code3': 'USA', 'geonameid': '4736286', 'place_name': 'Texas', 'feature_class': 'A', 'feature_code': 'ADM1'}}"
99,2021-02-19 23:59:04+00:00,1362914629257682948,"The cold paints Kylo's cheeks a vivid red as if in protest of the weather, which make the few freckles that Kylo does have, stand out brilliantly. The light reflects off the snow into Kylo's chocolate gaze, that mimic the color of his hair, and Hux is lost.","{'word': 'Kylo', 'spans': [{'start': 184, 'end': 188}], 'country_predicted': 'FIN', 'country_conf': 0.5339668}"
100,2021-02-19 23:59:03+00:00,1362914626934079490,"Thinking about soft winter Kylux.... Hux noticing how dark the snow flakes make Kylo's hair look. The strands look black in juxtaposition to the white flakes that are landing on Kylo's head, but Hux knows it's a deep chocolate brown, not black.","{'word': 'Kylo', 'spans': [{'start': 178, 'end': 182}], 'country_predicted': 'FIN', 'country_conf': 0.5339668}"
102,2021-02-19 23:59:03+00:00,1362914625415761920,"when i move out if ny it's not because of the expenses, the state itself or the people, it's because of the goddamn snow (and winter in itself)! can it stop?! i hate snow as it but why tf is it snowing so much? like fuck off! you're ugly and annoying!","{'word': 'ny', 'spans': [{'start': 19, 'end': 21}], 'country_predicted': 'SWE', 'country_conf': 0.28365934}"
109,2021-02-19 23:59:00+00:00,1362914613994618884,"MDOT crews work to clear Hwy 4 in Marshall County. 

Aided by todayâ€™s sunshine, snow-fighting crews were able to make progress on clearing #MShwys, but refreezing will occur tonight. 

We will get the job done â€” #WeDontTakeSnowDays. https://t.co/NURVpXCRcO","{'word': 'Marshall', 'spans': [{'start': 34, 'end': 42}], 'country_predicted': 'USA', 'country_conf': 0.96374094, 'geo': {'admin1': 'West Virginia', 'lat': '39.86061', 'lon': '-80.66339', 'country_code3': 'USA', 'geonameid': '4813820', 'place_name': 'Marshall County', 'feature_class': 'A', 'feature_code': 'ADM2'}}"
114,2021-02-19 23:58:56+00:00,1362914597842415619,"#Elissa is enjoying in the snow with her dog, under the slogan â€œO Dunia Jinan, Jinan â€¦ Pictures.â€ğŸµğŸ¼ğŸ¶ https://t.co/IlXTCevBnN 
@elissakh â„â˜ƒï¸ğŸŒ€ğŸ§Š","{'word': 'Dunia Jinan', 'spans': [{'start': 66, 'end': 77}], 'country_predicted': 'IDN', 'country_conf': 0.24821267}"
117,2021-02-19 23:58:55+00:00,1362914592758902786,"@MRKokoski @ravenashaw @Squish43172398 @therecount @allahpundit @tedcruz Only God can work miracles now maybe Cruz can do something that Hid need him to do before he took that vacation trip which is fine but Cruz already know that he was going rain, snow are hell freeze over he was going and he really did not care what the people of Texas said.","{'word': 'Texas', 'spans': [{'start': 335, 'end': 340}], 'country_predicted': 'USA', 'country_conf': 0.9634983, 'geo': {'admin1': 'Texas', 'lat': '31.25044', 'lon': '-99.25061', 'country_code3': 'USA', 'geonameid': '4736286', 'place_name': 'Texas', 'feature_class': 'A', 'feature_code': 'ADM1'}}"
124,2021-02-19 23:58:50+00:00,1362914573406195714,Texas finally gets some snow and now everyone in the gym like itâ€™s New Years again,"{'word': 'Texas', 'spans': [{'start': 0, 'end': 5}], 'country_predicted': 'USA', 'country_conf': 0.9634983, 'geo': {'admin1': 'Texas', 'lat': '31.25044', 'lon': '-99.25061', 'country_code3': 'USA', 'geonameid': '4736286', 'place_name': 'Texas', 'feature_class': 'A', 'feature_code': 'ADM1'}}"
136,2021-02-19 23:58:42+00:00,1362914537092091904,"As a former resident of incline village, the lack of real snow in Tahoe is astonishing https://t.co/s8Wv0RQIaF","{'word': 'Tahoe', 'spans': [{'start': 66, 'end': 71}], 'country_predicted': 'USA', 'country_conf': 0.96374094, 'geo': {'admin1': 'California', 'lat': '39.15023', 'lon': '-120.1612', 'country_code3': 'USA', 'geonameid': '7262635', 'place_name': 'Sunnyside-Tahoe City', 'feature_class': 'P', 'feature_code': 'PPL'}}"
139,2021-02-19 23:58:41+00:00,1362914534802018306,"After a looooong week of fighting off the snow and dealing with power outages Iâ€™m so ready to get back to playing some music. Iâ€™ll be in Granbury, TX at @ozcoffeebar this Saturday 2/20 from 6-9. ğŸŒˆ @ Oz Coffee Bar https://t.co/D1Pfqak5Zy","{'word': 'Granbury', 'spans': [{'start': 137, 'end': 145}], 'country_predicted': 'USA', 'country_conf': 0.96374094, 'geo': {'admin1': 'Texas', 'lat': '32.44208', 'lon': '-97.7942', 'country_code3': 'USA', 'geonameid': '4694459', 'place_name': 'Granbury', 'feature_class': 'P', 'feature_code': 'PPLA2'}}"
140,2021-02-19 23:58:41+00:00,1362914534802018306,"After a looooong week of fighting off the snow and dealing with power outages Iâ€™m so ready to get back to playing some music. Iâ€™ll be in Granbury, TX at @ozcoffeebar this Saturday 2/20 from 6-9. ğŸŒˆ @ Oz Coffee Bar https://t.co/D1Pfqak5Zy","{'word': 'TX', 'spans': [{'start': 147, 'end': 149}], 'country_predicted': 'USA', 'country_conf': 0.96374094, 'geo': {'admin1': 'Texas', 'lat': '32.4512', 'lon': '-100.3927', 'country_code3': 'USA', 'geonameid': '9847837', 'place_name': 'Hampton Inn - Sweetwater. Tx', 'feature_class': 'S', 'feature_code': 'HTL'}}"
144,2021-02-19 23:58:39+00:00,1362914524832088065,jorckles like damn that sux re: texas [looks pensive in the snow],"{'word': 'texas', 'spans': [{'start': 32, 'end': 37}], 'country_predicted': 'USA', 'country_conf': 0.957188, 'geo': {'admin1': 'Texas', 'lat': '31.25044', 'lon': '-99.25061', 'country_code3': 'USA', 'geonameid': '4736286', 'place_name': 'Texas', 'feature_class': 'A', 'feature_code': 'ADM1'}}"
147,2021-02-19 23:58:35+00:00,1362914509749280768,ä»Šæ—¥ã‚ã£ãŸã‹ã„ã£ã¦è¨€ã£ã¦ã ã®ã§æ˜¥ç‰©ãƒ©ã‚¤ãƒ€ãƒ¼ã‚¹ã§å‡ºã‹ã‘ãŸã‚“ã ã‘ã©å¤œå¤§ä¸ˆå¤«ã‹ã—ã‚‰ï¼ŸğŸ¤­,"{'word': 'ä»Šæ—¥ã‚ã£ãŸã‹ã„ã£ã¦è¨€ã£ã¦ã ã®ã§æ˜¥ç‰©ãƒ©ã‚¤ãƒ€ãƒ¼ã‚¹ã§å‡ºã‹ã‘ãŸã‚“ã ã‘ã©å¤œå¤§ä¸ˆå¤«ã‹ã—ã‚‰', 'spans': [{'start': 0, 'end': 38}], 'country_predicted': '', 'country_conf': 0}"
149,2021-02-19 23:58:33+00:00,1362914501729742849,"Global warming is really getting out of control.

Saudi Arabia hit by rare blizzard as snow covers areas around the world https://t.co/8nw13dKhYn","{'word': 'Saudi Arabia', 'spans': [{'start': 50, 'end': 62}], 'country_predicted': 'SAU', 'country_conf': 0.9516948, 'geo': {'admin1': 'NA', 'lat': '25', 'lon': '45', 'country_code3': 'SAU', 'geonameid': '102358', 'place_name': 'Kingdom of Saudi Arabia', 'feature_class': 'A', 'feature_code': 'PCLI'}}"
153,2021-02-19 23:58:32+00:00,1362914498751864837,"little man isnâ€™t sure what to think of the snow. the yard was taller than him, we tried. he didnâ€™t care for it! ğŸ˜‚ @ Oklahoma City, Oklahoma https://t.co/6DRCMj1QTG","{'word': 'Oklahoma City', 'spans': [{'start': 116, 'end': 129}], 'country_predicted': 'USA', 'country_conf': 0.9516948, 'geo': {'admin1': 'Oklahoma', 'lat': '35.46756', 'lon': '-97.51643', 'country_code3': 'USA', 'geonameid': '4544349', 'place_name': 'Oklahoma City', 'feature_class': 'P', 'feature_code': 'PPLA'}}"
154,2021-02-19 23:58:32+00:00,1362914498751864837,"little man isnâ€™t sure what to think of the snow. the yard was taller than him, we tried. he didnâ€™t care for it! ğŸ˜‚ @ Oklahoma City, Oklahoma https://t.co/6DRCMj1QTG","{'word': 'Oklahoma', 'spans': [{'start': 131, 'end': 139}], 'country_predicted': 'USA', 'country_conf': 0.9634983, 'geo': {'admin1': 'Oklahoma', 'lat': '35.49209', 'lon': '-97.50328', 'country_code3': 'USA', 'geonameid': '4544379', 'place_name': 'Oklahoma', 'feature_class': 'A', 'feature_code': 'ADM1'}}"
161,2021-02-19 23:58:29+00:00,1362914484088627201,@DrTimothyTiu So jealous.   Freezing cold in cleveland.  Foot of snow on the ground in my yard!,"{'word': 'cleveland', 'spans': [{'start': 45, 'end': 54}], 'country_predicted': 'USA', 'country_conf': 0.6353264, 'geo': {'admin1': 'Ohio', 'lat': '41.4995', 'lon': '-81.69541', 'country_code3': 'USA', 'geonameid': '5150529', 'place_name': 'Cleveland', 'feature_class': 'P', 'feature_code': 'PPLA2'}}"
167,2021-02-19 23:58:26+00:00,1362914472201871361,never thought I wouldn't be seeing my bf in weeks because of a snow storm in TEXAS...2021 has been insane and it's month 2,"{'word': 'TEXAS', 'spans': [{'start': 77, 'end': 82}], 'country_predicted': 'USA', 'country_conf': 0.957188, 'geo': {'admin1': 'Texas', 'lat': '31.25044', 'lon': '-99.25061', 'country_code3': 'USA', 'geonameid': '4736286', 'place_name': 'Texas', 'feature_class': 'A', 'feature_code': 'ADM1'}}"
176,2021-02-19 23:58:24+00:00,1362914461733048322,You know it is serious in Texas when you have to ration brisket during the snow storm. https://t.co/cnauGs2AUF,"{'word': 'Texas', 'spans': [{'start': 26, 'end': 31}], 'country_predicted': 'USA', 'country_conf': 0.9634983, 'geo': {'admin1': 'Texas', 'lat': '31.25044', 'lon': '-99.25061', 'country_code3': 'USA', 'geonameid': '4736286', 'place_name': 'Texas', 'feature_class': 'A', 'feature_code': 'ADM1'}}"
184,2021-02-19 23:58:20+00:00,1362914445140381697,Running away from this week like the huskies running in snow â„ï¸ğŸ’™ #snowdogs #winterstorm2021 https://t.co/YH79UVzLuS,"{'word': 'huskies', 'spans': [{'start': 37, 'end': 44}], 'country_predicted': 'CAN', 'country_conf': 0.9048774, 'geo': {'admin1': 'Nova Scotia', 'lat': '45.70014', 'lon': '-61.09852', 'country_code3': 'CAN', 'geonameid': '5898310', 'place_name': 'Ben Hughies Brook', 'feature_class': 'H', 'feature_code': 'STM'}}"
185,2021-02-19 23:58:19+00:00,1362914443772919808,"Many ppl are wishing for snow in the PH. Girl, have u seen texas? Many ppl would die and we might experience Famine.","{'word': 'texas', 'spans': [{'start': 59, 'end': 64}], 'country_predicted': 'USA', 'country_conf': 0.957188, 'geo': {'admin1': 'Texas', 'lat': '31.25044', 'lon': '-99.25061', 'country_code3': 'USA', 'geonameid': '4736286', 'place_name': 'Texas', 'feature_class': 'A', 'feature_code': 'ADM1'}}"
198,2021-02-19 23:58:10+00:00,1362914406666014720,"@TheView You don't mess with mother nature, next time he may not be so lucky, too bad he drags his family into his selfishness, snow is beautiful, freezing temps without heat are not! Good Bless Texas","{'word': 'Texas', 'spans': [{'start': 195, 'end': 200}], 'country_predicted': 'USA', 'country_conf': 0.9634983, 'geo': {'admin1': 'Texas', 'lat': '31.25044', 'lon': '-99.25061', 'country_code3': 'USA', 'geonameid': '4736286', 'place_name': 'Texas', 'feature_class': 'A', 'feature_code': 'ADM1'}}"
203,2021-02-19 23:58:09+00:00,1362914400458469377,Imma drag yâ€™all for every minute I wasted driving in the snow to come yâ€™all dumb ass store @TMobileHelp @MikeSievert @TMobileHelp FOR THE SAME SHIT TO HAPPEN,"{'word': 'yâ€™', 'spans': [{'start': 10, 'end': 12}], 'country_predicted': 'GBR', 'country_conf': 0.5339668}"
204,2021-02-19 23:58:09+00:00,1362914400458469377,Imma drag yâ€™all for every minute I wasted driving in the snow to come yâ€™all dumb ass store @TMobileHelp @MikeSievert @TMobileHelp FOR THE SAME SHIT TO HAPPEN,"{'word': 'yâ€™', 'spans': [{'start': 70, 'end': 72}], 'country_predicted': 'GBR', 'country_conf': 0.5339668}"
208,2021-02-19 23:58:05+00:00,1362914381982482435,@Jason_Aldean @Jasonal80643577 I had forgotten about Luke band in American idol he's very good for that job he's a okay as far as I'm concerned you're a great artist also I hope mother nature doesn't go into a fit we have enough snow back herel in New Jersey,"{'word': '@Jason_Aldean', 'spans': [{'start': 0, 'end': 13}], 'country_predicted': 'USA', 'country_conf': 0.23980537}"
209,2021-02-19 23:58:05+00:00,1362914381982482435,@Jason_Aldean @Jasonal80643577 I had forgotten about Luke band in American idol he's very good for that job he's a okay as far as I'm concerned you're a great artist also I hope mother nature doesn't go into a fit we have enough snow back herel in New Jersey,"{'word': 'New Jersey', 'spans': [{'start': 248, 'end': 258}], 'country_predicted': 'USA', 'country_conf': 0.961249, 'geo': {'admin1': 'New York', 'lat': '40.75766', 'lon': '-73.91327', 'country_code3': 'USA', 'geonameid': '6955102', 'place_name': 'New York-Northern New Jersey-Long Island', 'feature_class': 'L', 'feature_code': 'RGNE'}}"
215,2021-02-19 23:58:00+00:00,1362914362936057858,"ã€Œâ›„ã€ã™ã®ã€‘â›„ã€ã®ãƒ©ã‚¤ãƒ–ã‚’ã¯ã˜ã‚ã¾ã—ãŸï¼
#ãƒ©ã‚¸ã‚ªé…ä¿¡
https://t.co/uee5EIxRyc","{'word': 'ï¼', 'spans': [{'start': 19, 'end': 20}], 'country_predicted': 'JPN', 'country_conf': 0.24821267}"
217,2021-02-19 23:58:00+00:00,1362914361354846210,"@paulinaberlang2 I donâ€™t think people outside of Texas understand what Texans are going thru. People are freezing, hyperthermia, including children. Canâ€™t buy firewood/water/gas/a lot of food. No power/water.  melting snow for toilets. weâ€™re told even when it warms up the crisis wonâ€™t be over","{'word': 'Texas', 'spans': [{'start': 49, 'end': 54}], 'country_predicted': 'USA', 'country_conf': 0.9634983, 'geo': {'admin1': 'Texas', 'lat': '31.25044', 'lon': '-99.25061', 'country_code3': 'USA', 'geonameid': '4736286', 'place_name': 'Texas', 'feature_class': 'A', 'feature_code': 'ADM1'}}"
227,2021-02-19 23:57:52+00:00,1362914330421813248,"ãŠã¯ã‚ˆã†ï½â˜€ï¸
ä»Šæ—¥æœã‹ã‚‰å‡ºæ›ã‘ã‚‹äºˆå®šã ã£ãŸã®ã«
å¯åŠã—ã¡ã‚ƒã£ãŸâ€¦ğŸ˜¥ğŸ˜¥","{'word': 'ä»Šæ—¥æœã‹ã‚‰å‡ºæ›ã‘ã‚‹äºˆå®šã ã£ãŸã®ã«', 'spans': [{'start': 8, 'end': 24}], 'country_predicted': 'JPN', 'country_conf': 0.9528109, 'geo': {'admin1': 'Saitama', 'lat': '35.98308', 'lon': '139.74966', 'country_code3': 'JPN', 'geonameid': '1859884', 'place_name': 'Kasukabe', 'feature_class': 'P', 'feature_code': 'PPLA2'}}"
232,2021-02-19 23:57:49+00:00,1362914316400291847,Snow Suits and Bunny Boots is happening right now in Downtown Anchorage! It's a G Street Block Party!! Open until 8 pm. https://t.co/p3AbrNZ4jv,"{'word': 'Anchorage', 'spans': [{'start': 62, 'end': 71}], 'country_predicted': 'USA', 'country_conf': 0.957188, 'geo': {'admin1': 'Alaska', 'lat': '61.21806', 'lon': '-149.90028', 'country_code3': 'USA', 'geonameid': '5879400', 'place_name': 'Anchorage', 'feature_class': 'P', 'feature_code': 'PPLA2'}}"
244,2021-02-19 23:57:42+00:00,1362914287879094280,Sad                                          Pennsylvania couple slain after snow disposal argument; suspect also dead https://t.co/UXPrCcDgiQğŸ™ğŸ™,"{'word': 'Pennsylvania', 'spans': [{'start': 45, 'end': 57}], 'country_predicted': 'USA', 'country_conf': 0.9634983, 'geo': {'admin1': 'Pennsylvania', 'lat': '40.27245', 'lon': '-76.90567', 'country_code3': 'USA', 'geonameid': '6254927', 'place_name': 'Pennsylvania', 'feature_class': 'A', 'feature_code': 'ADM1'}}"
245,2021-02-19 23:57:42+00:00,1362914287866552320,"A couple of weeks ago, I joked with one of my Nebraska buddies to send me some snow and a Runza. The dude actually did it! Delayed mail from the Texas weather=water droplets in a bag and a 9 day old @Runza sandwich. ğŸ˜‚ https://t.co/BJGiyAT6xi","{'word': 'Nebraska', 'spans': [{'start': 46, 'end': 54}], 'country_predicted': 'USA', 'country_conf': 0.961249, 'geo': {'admin1': 'Nebraska', 'lat': '41.50028', 'lon': '-99.75067', 'country_code3': 'USA', 'geonameid': '5073708', 'place_name': 'Nebraska', 'feature_class': 'A', 'feature_code': 'ADM1'}}"
246,2021-02-19 23:57:42+00:00,1362914287866552320,"A couple of weeks ago, I joked with one of my Nebraska buddies to send me some snow and a Runza. The dude actually did it! Delayed mail from the Texas weather=water droplets in a bag and a 9 day old @Runza sandwich. ğŸ˜‚ https://t.co/BJGiyAT6xi","{'word': 'Runza', 'spans': [{'start': 90, 'end': 95}], 'country_predicted': 'COL', 'country_conf': 0.32773006}"
247,2021-02-19 23:57:42+00:00,1362914287866552320,"A couple of weeks ago, I joked with one of my Nebraska buddies to send me some snow and a Runza. The dude actually did it! Delayed mail from the Texas weather=water droplets in a bag and a 9 day old @Runza sandwich. ğŸ˜‚ https://t.co/BJGiyAT6xi","{'word': 'Texas', 'spans': [{'start': 145, 'end': 150}], 'country_predicted': 'USA', 'country_conf': 0.961249, 'geo': {'admin1': 'Texas', 'lat': '31.25044', 'lon': '-99.25061', 'country_code3': 'USA', 'geonameid': '4736286', 'place_name': 'Texas', 'feature_class': 'A', 'feature_code': 'ADM1'}}"
248,2021-02-19 23:57:42+00:00,1362914287866552320,"A couple of weeks ago, I joked with one of my Nebraska buddies to send me some snow and a Runza. The dude actually did it! Delayed mail from the Texas weather=water droplets in a bag and a 9 day old @Runza sandwich. ğŸ˜‚ https://t.co/BJGiyAT6xi","{'word': '@Runza', 'spans': [{'start': 199, 'end': 205}], 'country_predicted': 'COL', 'country_conf': 0.32773006}"
260,2021-02-19 23:57:34+00:00,1362914253775151105,"@baldwinse1 @Senator_Patrick @ScottMorrisonMP No, that's a picture of a 'man' about to demand his slippers are bought to him - and where's my dinner - and who were you talking to and why - another snow job coming up as expected......","{'word': '@baldwinse1', 'spans': [{'start': 0, 'end': 11}], 'country_predicted': '', 'country_conf': 0}"
268,2021-02-19 23:57:29+00:00,1362914230899474436,"@JumboElliott76 I see single digit temps along with ice and snow every year. However, Corpus Christi and Houston do not. In all the years I lived along the Gulf Coast I saw ice one time in 1997. This was an anomaly just as 1983 was.","{'word': 'Corpus Christi', 'spans': [{'start': 86, 'end': 100}], 'country_predicted': 'USA', 'country_conf': 0.957188, 'geo': {'admin1': 'Texas', 'lat': '27.80058', 'lon': '-97.39638', 'country_code3': 'USA', 'geonameid': '4683416', 'place_name': 'Corpus Christi', 'feature_class': 'P', 'feature_code': 'PPLA2'}}"
269,2021-02-19 23:57:29+00:00,1362914230899474436,"@JumboElliott76 I see single digit temps along with ice and snow every year. However, Corpus Christi and Houston do not. In all the years I lived along the Gulf Coast I saw ice one time in 1997. This was an anomaly just as 1983 was.","{'word': 'Houston', 'spans': [{'start': 105, 'end': 112}], 'country_predicted': 'USA', 'country_conf': 0.957188, 'geo': {'admin1': 'Texas', 'lat': '29.76328', 'lon': '-95.36327', 'country_code3': 'USA', 'geonameid': '4699066', 'place_name': 'Houston', 'feature_class': 'P', 'feature_code': 'PPLA2'}}"
270,2021-02-19 23:57:29+00:00,1362914230899474436,"@JumboElliott76 I see single digit temps along with ice and snow every year. However, Corpus Christi and Houston do not. In all the years I lived along the Gulf Coast I saw ice one time in 1997. This was an anomaly just as 1983 was.","{'word': 'Gulf Coast', 'spans': [{'start': 156, 'end': 166}], 'country_predicted': 'USA', 'country_conf': 0.9048774, 'geo': {'admin1': 'Mississippi', 'lat': '30.77991', 'lon': '-89.14422', 'country_code3': 'USA', 'geonameid': '4436234', 'place_name': 'Mississippi Gulf Coast Community College - Perkinston Campus', 'feature_class': 'S', 'feature_code': 'SCH'}}"
272,2021-02-19 23:57:27+00:00,1362914224008265730,"Well itâ€™s been a wild last couple of weeks. Ice, snow and temperatures not getting above freezing for over two weeks. Itâ€™s that time of day, so reach in and grab your favorite beverage. Itâ€™s fridge Friday. Continued prayers going out to all the Steak Dance fans in Texas. Hang in! https://t.co/JsX3kDyhXu","{'word': 'Texas', 'spans': [{'start': 265, 'end': 270}], 'country_predicted': 'USA', 'country_conf': 0.9634983, 'geo': {'admin1': 'Texas', 'lat': '31.25044', 'lon': '-99.25061', 'country_code3': 'USA', 'geonameid': '4736286', 'place_name': 'Texas', 'feature_class': 'A', 'feature_code': 'ADM1'}}"
289,2021-02-19 23:57:12+00:00,1362914163278946319,"5â€ in Dorchester, MA as of 7pm. 0.5â€ in the last hour. Currently heavy snow falling.  29Â° https://t.co/oY52W7uOCw","{'word': 'Dorchester', 'spans': [{'start': 6, 'end': 16}], 'country_predicted': 'USA', 'country_conf': 0.957188, 'geo': {'admin1': 'South Carolina', 'lat': '33.07949', 'lon': '-80.40556', 'country_code3': 'USA', 'geonameid': '4576822', 'place_name': 'Dorchester County', 'feature_class': 'A', 'feature_code': 'ADM2'}}"
290,2021-02-19 23:57:12+00:00,1362914163278946319,"5â€ in Dorchester, MA as of 7pm. 0.5â€ in the last hour. Currently heavy snow falling.  29Â° https://t.co/oY52W7uOCw","{'word': 'MA', 'spans': [{'start': 18, 'end': 20}], 'country_predicted': 'CIV', 'country_conf': 0.28868943}"
291,2021-02-19 23:57:12+00:00,1362914160829374464,"@awa_snow_8 ãŠã¯ã‚ã‚ã€œã€œï¼
ãŠã¯ã‚ã‚å‡ºæ¥ãŸã‹ã‚‰ä»Šæ—¥ã¯è‰¯ã„1æ—¥ã«ãªã‚Šãã†ï¼ï¼ï¼
ãƒ«ãƒ¼ãƒ ç”»åƒã‹ã‚ã„ãã¦ãŸã™ã‹ã‚‹ã€œ","{'word': 'ãŠã¯ã‚ã‚å‡ºæ¥ãŸã‹ã‚‰ä»Šæ—¥ã¯è‰¯ã„1æ—¥ã«ãªã‚Šãã†', 'spans': [{'start': 20, 'end': 41}], 'country_predicted': 'MKD', 'country_conf': 0.5339668}"
292,2021-02-19 23:57:10+00:00,1362914154185519105,"https://t.co/kAAxaLSEgh

Texas snow doesn't melt....","{'word': 'Texas', 'spans': [{'start': 25, 'end': 30}], 'country_predicted': 'USA', 'country_conf': 0.9634983, 'geo': {'admin1': 'Texas', 'lat': '31.25044', 'lon': '-99.25061', 'country_code3': 'USA', 'geonameid': '4736286', 'place_name': 'Texas', 'feature_class': 'A', 'feature_code': 'ADM1'}}"
296,2021-02-19 23:57:08+00:00,1362914146069676035,Little snow ball fight today with the little one. Be one with the cold. The kid has a cannon. I also let her win..... ğŸ˜ğŸ¥¶ #snowballfight #cold #wimhof https://t.co/mNAmP5FnRm,"{'word': 'wimhof', 'spans': [{'start': 143, 'end': 149}], 'country_predicted': 'DEU', 'country_conf': 0.9528109, 'geo': {'admin1': 'Bavaria', 'lat': '48.64472', 'lon': '13.17583', 'country_code3': 'DEU', 'geonameid': '2808376', 'place_name': 'Wimhof', 'feature_class': 'S', 'feature_code': 'FRM'}}"
298,2021-02-19 23:57:08+00:00,1362914142806560771,@Craigrollins5 She asked me if we could go to Tennessee....I told her when the snow melts ğŸ˜,"{'word': 'Tennessee', 'spans': [{'start': 46, 'end': 55}], 'country_predicted': 'USA', 'country_conf': 0.9634983, 'geo': {'admin1': 'Tennessee', 'lat': '35.75035', 'lon': '-86.25027', 'country_code3': 'USA', 'geonameid': '4662168', 'place_name': 'Tennessee', 'feature_class': 'A', 'feature_code': 'ADM1'}}"
303,2021-02-19 23:57:05+00:00,1362914130550743045,Nashville is slowly emerging from the winter storm â€” it was warm enough to melt some of the snow but it promptly froze to icicles as it turned dark (and cold) https://t.co/G273Uu67N4,"{'word': 'Nashville', 'spans': [{'start': 0, 'end': 9}], 'country_predicted': 'USA', 'country_conf': 0.957188, 'geo': {'admin1': 'Tennessee', 'lat': '36.16589', 'lon': '-86.78444', 'country_code3': 'USA', 'geonameid': '4644585', 'place_name': 'Nashville', 'feature_class': 'P', 'feature_code': 'PPLA'}}"
311,2021-02-19 23:57:03+00:00,1362914125429551107,Now how and why yâ€™all thought the snow was gone melt in freezing temperatures?,"{'word': 'yâ€™', 'spans': [{'start': 16, 'end': 18}], 'country_predicted': 'GBR', 'country_conf': 0.5339668}"
315,2021-02-19 23:57:03+00:00,1362914122644488193,i see all the ppl from stl that moved down to Texas been quiet since that snow hit. ğŸ¦—,"{'word': 'stl', 'spans': [{'start': 23, 'end': 26}], 'country_predicted': 'USA', 'country_conf': 0.89529574, 'geo': {'admin1': 'Missouri', 'lat': '38.62727', 'lon': '-90.19789', 'country_code3': 'USA', 'geonameid': '4407066', 'place_name': 'St. Louis', 'feature_class': 'P', 'feature_code': 'PPLA2'}}"
316,2021-02-19 23:57:03+00:00,1362914122644488193,i see all the ppl from stl that moved down to Texas been quiet since that snow hit. ğŸ¦—,"{'word': 'Texas', 'spans': [{'start': 46, 'end': 51}], 'country_predicted': 'USA', 'country_conf': 0.9634983, 'geo': {'admin1': 'Texas', 'lat': '31.25044', 'lon': '-99.25061', 'country_code3': 'USA', 'geonameid': '4736286', 'place_name': 'Texas', 'feature_class': 'A', 'feature_code': 'ADM1'}}"
321,2021-02-19 23:57:00+00:00,1362914111944818690,"Just watch to see how much federal aid ""Most likely to secede"" Texas accepts in light of a week of snow","{'word': 'Texas', 'spans': [{'start': 63, 'end': 68}], 'country_predicted': 'USA', 'country_conf': 0.9634983, 'geo': {'admin1': 'Texas', 'lat': '31.25044', 'lon': '-99.25061', 'country_code3': 'USA', 'geonameid': '4736286', 'place_name': 'Texas', 'feature_class': 'A', 'feature_code': 'ADM1'}}"
322,2021-02-19 23:56:59+00:00,1362914106253148160,"Lo que me sorprende es que se refieran de esa forma a las personas que siguen, es mÃ¡s, aÃºn sÃ­ no fueran tus idols deberÃ­an tener un mÃ­nimo de respeto hacia ellos como individuos.

En fin, adoro bloquear esas cuentas djkdndmmd https://t.co/ihyHBmf61b","{'word': 'las personas', 'spans': [{'start': 54, 'end': 66}], 'country_predicted': 'VEN', 'country_conf': 0.9048774, 'geo': {'admin1': 'Cojedes', 'lat': '9.89896', 'lon': '-68.6886', 'country_code3': 'VEN', 'geonameid': '3635303', 'place_name': 'Las Tres Personas', 'feature_class': 'P', 'feature_code': 'PPL'}}"
329,2021-02-19 23:56:51+00:00,1362914073676050433,"6:56 PM Radar Check âœ…

The lake effect is really starting to take shape to the east of Lake Erie, with some snow coming off of Lake Ontario to the southeast.

The more moderate snow is draping itself right through Erie county, including as you get closer to Hamburg. â„ï¸ https://t.co/O4KkW6XBnI","{'word': 'âœ…', 'spans': [{'start': 20, 'end': 21}], 'country_predicted': 'NIU', 'country_conf': 0.24821267}"
330,2021-02-19 23:56:51+00:00,1362914073676050433,"6:56 PM Radar Check âœ…

The lake effect is really starting to take shape to the east of Lake Erie, with some snow coming off of Lake Ontario to the southeast.

The more moderate snow is draping itself right through Erie county, including as you get closer to Hamburg. â„ï¸ https://t.co/O4KkW6XBnI","{'word': 'Lake Erie', 'spans': [{'start': 87, 'end': 96}], 'country_predicted': 'USA', 'country_conf': 0.957188, 'geo': {'admin1': 'New York', 'lat': '42.62423', 'lon': '-79.06698', 'country_code3': 'USA', 'geonameid': '5123788', 'place_name': 'Lake Erie Beach', 'feature_class': 'P', 'feature_code': 'PPL'}}"
331,2021-02-19 23:56:51+00:00,1362914073676050433,"6:56 PM Radar Check âœ…

The lake effect is really starting to take shape to the east of Lake Erie, with some snow coming off of Lake Ontario to the southeast.

The more moderate snow is draping itself right through Erie county, including as you get closer to Hamburg. â„ï¸ https://t.co/O4KkW6XBnI","{'word': 'Lake Ontario', 'spans': [{'start': 127, 'end': 139}], 'country_predicted': 'CAN', 'country_conf': 0.9048774, 'geo': {'admin1': 'Ontario', 'lat': '43.75012', 'lon': '-77.99951', 'country_code3': 'CAN', 'geonameid': '6048611', 'place_name': 'Lake Ontario', 'feature_class': 'H', 'feature_code': 'LK'}}"
332,2021-02-19 23:56:51+00:00,1362914073676050433,"6:56 PM Radar Check âœ…

The lake effect is really starting to take shape to the east of Lake Erie, with some snow coming off of Lake Ontario to the southeast.

The more moderate snow is draping itself right through Erie county, including as you get closer to Hamburg. â„ï¸ https://t.co/O4KkW6XBnI","{'word': 'Erie', 'spans': [{'start': 214, 'end': 218}], 'country_predicted': 'USA', 'country_conf': 0.96374094, 'geo': {'admin1': 'Pennsylvania', 'lat': '42.12922', 'lon': '-80.08506', 'country_code3': 'USA', 'geonameid': '5188843', 'place_name': 'Erie', 'feature_class': 'P', 'feature_code': 'PPLA2'}}"
333,2021-02-19 23:56:51+00:00,1362914073676050433,"6:56 PM Radar Check âœ…

The lake effect is really starting to take shape to the east of Lake Erie, with some snow coming off of Lake Ontario to the southeast.

The more moderate snow is draping itself right through Erie county, including as you get closer to Hamburg. â„ï¸ https://t.co/O4KkW6XBnI","{'word': 'Hamburg', 'spans': [{'start': 258, 'end': 265}], 'country_predicted': 'DEU', 'country_conf': 0.957188, 'geo': {'admin1': 'Hamburg', 'lat': '53.57532', 'lon': '10.01534', 'country_code3': 'DEU', 'geonameid': '2911298', 'place_name': 'Hamburg', 'feature_class': 'P', 'feature_code': 'PPLA'}}"
335,2021-02-19 23:56:51+00:00,1362914072287707139,"@dogculture2001 lol it's fine, i assume it's because of snow or something, nothing to be done about that","{'word': '@dogculture2001', 'spans': [{'start': 0, 'end': 15}], 'country_predicted': '', 'country_conf': 0}"
339,2021-02-19 23:56:49+00:00,1362914063265771522,"There may still be snow on the ground, but next Thursday we open up Soccer season with a Benefit game at home against Springdale! #siloamsoccer #pantherpride #pantherfamily https://t.co/zsU2n3EXUu","{'word': 'Springdale', 'spans': [{'start': 118, 'end': 128}], 'country_predicted': 'USA', 'country_conf': 0.957188, 'geo': {'admin1': 'Arkansas', 'lat': '36.18674', 'lon': '-94.12881', 'country_code3': 'USA', 'geonameid': '4132093', 'place_name': 'Springdale', 'feature_class': 'P', 'feature_code': 'PPL'}}"
347,2021-02-19 23:56:44+00:00,1362914045829996544,WHY DOSE THE WHOLE USA GET SNOW BUT EAST TENNESSEE!!! OUR SNOW DID NOT STICK!!!!,"{'word': 'TENNESSEE', 'spans': [{'start': 41, 'end': 50}], 'country_predicted': 'USA', 'country_conf': 0.957188, 'geo': {'admin1': 'Tennessee', 'lat': '35.75035', 'lon': '-86.25027', 'country_code3': 'USA', 'geonameid': '4662168', 'place_name': 'Tennessee', 'feature_class': 'A', 'feature_code': 'ADM1'}}"
350,2021-02-19 23:56:43+00:00,1362914040842960897,"@PostUp_bbb @Maurici77277092 @Dee_Batch Man all these Dudes don't understand it is what it is.

This Snow is a MFucker on the SouthSide.","{'word': 'SouthSide', 'spans': [{'start': 126, 'end': 135}], 'country_predicted': 'USA', 'country_conf': 0.957188, 'geo': {'admin1': 'Alabama', 'lat': '33.92454', 'lon': '-86.02247', 'country_code3': 'USA', 'geonameid': '4091058', 'place_name': 'Southside', 'feature_class': 'P', 'feature_code': 'PPL'}}"
367,2021-02-19 23:56:33+00:00,1362913999659089922,"@ChrisGNBCBoston @ericfisher @HarveyWCVB @jreineron7 @KevinBoston25  @MetMikeWCVB 
North Weymouth new snow total 2.75"" as of 645pm. 32F moderate snow https://t.co/FP69uVV9U1","{'word': 'North Weymouth', 'spans': [{'start': 83, 'end': 97}], 'country_predicted': 'USA', 'country_conf': 0.96374094, 'geo': {'admin1': 'Massachusetts', 'lat': '42.24288', 'lon': '-70.94588', 'country_code3': 'USA', 'geonameid': '4945812', 'place_name': 'North Weymouth Post Office', 'feature_class': 'S', 'feature_code': 'PO'}}"
373,2021-02-19 23:56:30+00:00,1362913985826349056,@cenkuygur @joerogan California has power outages without once a century snow storms... try being intellectually honest,"{'word': 'California', 'spans': [{'start': 21, 'end': 31}], 'country_predicted': 'COL', 'country_conf': 0.19161287}"
374,2021-02-19 23:56:29+00:00,1362913982995181572,"@Reuters Wow. They are resilient, but rather see them running through their desert. Weâ€™re used to the snow in the Northeast USA.","{'word': 'Northeast USA', 'spans': [{'start': 114, 'end': 127}], 'country_predicted': 'USA', 'country_conf': 0.24821267}"
385,2021-02-19 23:56:17+00:00,1362913931824521219,ã€#42äºˆå‘Šã€‘ã€ãã‚ŒSnow Manã«ã‚„ã‚‰ã›ã¦ä¸‹ã•ã„ã€æ–°ä¼ç”»ï¼ã€Œãã‚ŒSnow Manã®ä¸­ã§1ç•ªâ—‹â—‹ãªäººèª°ã§ã™ã‹ã€2æœˆ26æ—¥(é‡‘)ã‚ˆã‚‹11æ™‚30åˆ†... https://t.co/zj2JR6kiDp @YouTubeã‚ˆã‚Š,"{'word': 'ãªäººèª°ã§ã™ã‹ã€2æœˆ26æ—¥(é‡‘)ã‚ˆã‚‹11æ™‚30åˆ†', 'spans': [{'start': 49, 'end': 72}], 'country_predicted': 'CAN', 'country_conf': 0.5714737}"
392,2021-02-19 23:56:13+00:00,1362913914124726272,Never Thought Weâ€™d Be Shoveling Snow on Opening Day In Louisiana! Hit the Curve! Letâ€™s Play BALL!! #678 #CBorMF #WinnersWin @ULM_BSB https://t.co/o6E8YMKDLQ,"{'word': 'Louisiana', 'spans': [{'start': 55, 'end': 64}], 'country_predicted': 'USA', 'country_conf': 0.9634983, 'geo': {'admin1': 'Louisiana', 'lat': '31.00047', 'lon': '-92.0004', 'country_code3': 'USA', 'geonameid': '4331987', 'place_name': 'Louisiana', 'feature_class': 'A', 'feature_code': 'ADM1'}}"
393,2021-02-19 23:56:13+00:00,1362913913940152322,Iâ€™m going to remind my friends in TX that snow and ice are NOT clean. Airborne particulates are already in the snow. Anything that dropped off your roof has bird poop in it and anything on the ground has animal poop. Pls boil the shit out of it b4 consuming! Literally! #tx,"{'word': 'TX', 'spans': [{'start': 34, 'end': 36}], 'country_predicted': 'USA', 'country_conf': 0.96374094, 'geo': {'admin1': 'Texas', 'lat': '32.4512', 'lon': '-100.3927', 'country_code3': 'USA', 'geonameid': '9847837', 'place_name': 'Hampton Inn - Sweetwater. Tx', 'feature_class': 'S', 'feature_code': 'HTL'}}"
407,2021-02-19 23:56:01+00:00,1362913863457525761,"@NashSevereWx Lazy. I grew up in Buffalo and they do the same thing there, with 3 feet of snow on top, covering lights, windshields, etc. just laziness.","{'word': 'Buffalo', 'spans': [{'start': 33, 'end': 40}], 'country_predicted': 'USA', 'country_conf': 0.957188, 'geo': {'admin1': 'New York', 'lat': '42.88645', 'lon': '-78.87837', 'country_code3': 'USA', 'geonameid': '5110629', 'place_name': 'Buffalo', 'feature_class': 'P', 'feature_code': 'PPLA2'}}"
409,2021-02-19 23:56:00+00:00,1362913859338571778,"@KyokoSxmp It snowed in Texas, USA on Saturday. The snow melted today.//","{'word': 'Texas', 'spans': [{'start': 24, 'end': 29}], 'country_predicted': 'USA', 'country_conf': 0.961249, 'geo': {'admin1': 'Texas', 'lat': '31.25044', 'lon': '-99.25061', 'country_code3': 'USA', 'geonameid': '4736286', 'place_name': 'Texas', 'feature_class': 'A', 'feature_code': 'ADM1'}}"
410,2021-02-19 23:56:00+00:00,1362913859338571778,"@KyokoSxmp It snowed in Texas, USA on Saturday. The snow melted today.//","{'word': 'USA', 'spans': [{'start': 31, 'end': 34}], 'country_predicted': 'USA', 'country_conf': 0.94819117, 'geo': {'admin1': 'Louisiana', 'lat': '29.2605', 'lon': '-89.35478', 'country_code3': 'USA', 'geonameid': '4319780', 'place_name': 'Chevron USA Incorporated Seaplane Base', 'feature_class': 'S', 'feature_code': 'AIRP'}}"
413,2021-02-19 23:55:58+00:00,1362913849750519820,"@WX1BOX @judah47 @NWSBoston @ericfisher @StormOfCorn @PeteNBCBoston @WeatherInTheHud @wxnewsdesk @WeatherNation @NsfwWx @VickiGrafWX @JaisolWX Heavy snow falling in Grafton, MA right now. Big fat fluffy dendrites. 25.7 degrees and accumulating well. Roads are covered. #mawx #snow https://t.co/lx4ZJWKBRs","{'word': 'Grafton', 'spans': [{'start': 165, 'end': 172}], 'country_predicted': 'USA', 'country_conf': 0.957188, 'geo': {'admin1': 'Massachusetts', 'lat': '42.20704', 'lon': '-71.68562', 'country_code3': 'USA', 'geonameid': '4938048', 'place_name': 'Grafton', 'feature_class': 'P', 'feature_code': 'PPL'}}"
414,2021-02-19 23:55:58+00:00,1362913849750519820,"@WX1BOX @judah47 @NWSBoston @ericfisher @StormOfCorn @PeteNBCBoston @WeatherInTheHud @wxnewsdesk @WeatherNation @NsfwWx @VickiGrafWX @JaisolWX Heavy snow falling in Grafton, MA right now. Big fat fluffy dendrites. 25.7 degrees and accumulating well. Roads are covered. #mawx #snow https://t.co/lx4ZJWKBRs","{'word': 'MA', 'spans': [{'start': 174, 'end': 176}], 'country_predicted': 'CIV', 'country_conf': 0.28868943}"
416,2021-02-19 23:55:57+00:00,1362913848555155464,@EduBrendan Oh man! Iâ€™m sorry to hear that. Hereâ€™s a picture of my daughter playing with a box of snow from earlier this week (we donâ€™t have snow boots for her!)- maybe itâ€™ll help cheer you up a bit https://t.co/enRRJX2mv0,"{'word': 'her!)-', 'spans': [{'start': 156, 'end': 162}], 'country_predicted': 'GRC', 'country_conf': 0.92213035, 'geo': {'admin1': 'Crete', 'lat': '35.32787', 'lon': '25.14341', 'country_code3': 'GRC', 'geonameid': '261745', 'place_name': 'IrÃ¡kleion', 'feature_class': 'P', 'feature_code': 'PPLA'}}"
422,2021-02-19 23:55:54+00:00,1362913834126639104,â€˜A Humanitarian Crisisâ€™ in Texas: Cold and Snow Put Millions in Danger. 38 Dead https://t.co/YPRZEuchbk,"{'word': 'Texas', 'spans': [{'start': 27, 'end': 32}], 'country_predicted': 'USA', 'country_conf': 0.9634983, 'geo': {'admin1': 'Texas', 'lat': '31.25044', 'lon': '-99.25061', 'country_code3': 'USA', 'geonameid': '4736286', 'place_name': 'Texas', 'feature_class': 'A', 'feature_code': 'ADM1'}}"
424,2021-02-19 23:55:53+00:00,1362913830901325826,"I still can't believe that a regular snow day in Kentucky knocked out power and water for Houstonian's for almost an entire week now, how? #houstonpoweroutage","{'word': 'Kentucky', 'spans': [{'start': 49, 'end': 57}], 'country_predicted': 'USA', 'country_conf': 0.9634983, 'geo': {'admin1': 'Kentucky', 'lat': '38.20042', 'lon': '-84.87762', 'country_code3': 'USA', 'geonameid': '6254925', 'place_name': 'Kentucky', 'feature_class': 'A', 'feature_code': 'ADM1'}}"
425,2021-02-19 23:55:53+00:00,1362913830901325826,"I still can't believe that a regular snow day in Kentucky knocked out power and water for Houstonian's for almost an entire week now, how? #houstonpoweroutage","{'word': 'Houstonian', 'spans': [{'start': 90, 'end': 100}], 'country_predicted': 'USA', 'country_conf': 0.9395218, 'geo': {'admin1': 'Texas', 'lat': '29.7793', 'lon': '-95.4578', 'country_code3': 'USA', 'geonameid': '6476958', 'place_name': 'The Houstonian Hotel, Club & Spa', 'feature_class': 'S', 'feature_code': 'HTL'}}"
426,2021-02-19 23:55:53+00:00,1362913830016192512,"@baddgrl_ No snow here in AZ, but I'll be happy to pour you a few of these. https://t.co/RkvkifvW4J","{'word': 'AZ', 'spans': [{'start': 26, 'end': 28}], 'country_predicted': 'LBY', 'country_conf': 0.87992215, 'geo': {'admin1': 'Az ZÄwiyah', 'lat': '32.46667', 'lon': '12.51667', 'country_code3': 'LBY', 'geonameid': '2218972', 'place_name': 'Az ZÄwiyah', 'feature_class': 'A', 'feature_code': 'ADM1'}}"
432,2021-02-19 23:55:51+00:00,1362913819924652032,"@tanukino99 ã¡ã‚‡ã†ã©é‡‘ç”°ä¸€ã®åŸä½œè‡ªä½“ã‚‚ã€æ–°ã—ã„å½¢ã§å§‹ã¾ã£ãŸã‚¿ã‚¤ãƒŸãƒ³ã‚°ã ã£ãŸã‹ã‚‰ã€ä¹é¾åŸã‹ã‚‰ãªã®ã‚‚è‰¯ã‹ã£ãŸã§ã™ï¼ã„ã¾ã ã¨ã¡ã‚‡ã£ã¨å¤§äººãªã®ã‹ãªãƒ¼ã€‚ã‚‚ã†1æœŸãã‚‰ã„ã‚ã£ã¦ã»ã—ã‹ã£ãŸã€œã€‚
ã‚ãŸã—ã‚‚ã‚ã®ä½æœ¨ãã‚“ã‚ã£ã¦ã€æœ‰å²¡ãã‚“ã¯æ—©ãã‹ã‚‰è¦šãˆã‚‹ã“ã¨ã§ãã¾ã—ãŸww","{'word': 'ã¡ã‚‡ã†ã©é‡‘ç”°ä¸€ã®åŸä½œè‡ªä½“ã‚‚ã€æ–°ã—ã„å½¢ã§å§‹ã¾ã£ãŸã‚¿ã‚¤ãƒŸãƒ³ã‚°ã ã£ãŸã‹ã‚‰ã€ä¹é¾åŸã‹ã‚‰ãªã®ã‚‚è‰¯ã‹ã£ãŸã§ã™ï¼ã„ã¾ã ã¨ã¡ã‚‡ã£ã¨å¤§äººãªã®ã‹ãªãƒ¼ã€‚ã‚‚ã†1æœŸãã‚‰ã„ã‚ã£ã¦ã»ã—ã‹ã£ãŸã€œã€‚', 'spans': [{'start': 12, 'end': 94}], 'country_predicted': 'CHN', 'country_conf': 0.24821267}"
436,2021-02-19 23:55:49+00:00,1362913811502673924,This snow opened up MF CRATER potholes on Jefferson. This shit wild lol,"{'word': 'Jefferson', 'spans': [{'start': 42, 'end': 51}], 'country_predicted': 'USA', 'country_conf': 0.957188, 'geo': {'admin1': 'West Virginia', 'lat': '39.30762', 'lon': '-77.86274', 'country_code3': 'USA', 'geonameid': '4810162', 'place_name': 'Jefferson County', 'feature_class': 'A', 'feature_code': 'ADM2'}}"
442,2021-02-19 23:55:44+00:00,1362913792850604033,"Good news: the TX ice/snow is melting! ğŸ‘ Bad news: we have an Internet outage with no ETA, so the Feature Friday stream is cancelled. ğŸ˜¬ Have a great weekend, stay warm, and we'll see ya for Mystery Monday! â™¥ï¸ https://t.co/fwntSmf2Kg","{'word': 'TX', 'spans': [{'start': 15, 'end': 17}], 'country_predicted': 'USA', 'country_conf': 0.96374094, 'geo': {'admin1': 'Texas', 'lat': '32.4512', 'lon': '-100.3927', 'country_code3': 'USA', 'geonameid': '9847837', 'place_name': 'Hampton Inn - Sweetwater. Tx', 'feature_class': 'S', 'feature_code': 'HTL'}}"
450,2021-02-19 23:55:37+00:00,1362913764610220036,"Snow came off the roof today, now you canâ€™t even see the chicken coop! Silver lining with a metal roof at least I donâ€™t have to shovel it. @ Champion, New York https://t.co/oTu4qpw1Lm","{'word': 'New York', 'spans': [{'start': 151, 'end': 159}], 'country_predicted': 'USA', 'country_conf': 0.9516948, 'geo': {'admin1': 'New York', 'lat': '43.00035', 'lon': '-75.4999', 'country_code3': 'USA', 'geonameid': '5128638', 'place_name': 'New York', 'feature_class': 'A', 'feature_code': 'ADM1'}}"
455,2021-02-19 23:55:37+00:00,1362913761707896833,"@TheView @ananavarro Scalise was fund raising in FL. He consulted with Tantrump on 14th while Biden approved LA emergency aid after the 2/11 snowstorm &amp; more snow on the way. Jefferson Parish has the highest Covid-19 cases &amp; deaths-his district. Orleans Parish tunes him out. 
https://t.co/4feJJk4RFi","{'word': 'FL', 'spans': [{'start': 49, 'end': 51}], 'country_predicted': 'FRA', 'country_conf': 0.9048774, 'geo': {'admin1': 'Ãle-de-France', 'lat': '48.85877', 'lon': '2.28409', 'country_code3': 'FRA', 'geonameid': '10100427', 'place_name': 'Mansion Fl', 'feature_class': 'S', 'feature_code': 'HTL'}}"
456,2021-02-19 23:55:37+00:00,1362913761707896833,"@TheView @ananavarro Scalise was fund raising in FL. He consulted with Tantrump on 14th while Biden approved LA emergency aid after the 2/11 snowstorm &amp; more snow on the way. Jefferson Parish has the highest Covid-19 cases &amp; deaths-his district. Orleans Parish tunes him out. 
https://t.co/4feJJk4RFi","{'word': 'Orleans', 'spans': [{'start': 254, 'end': 261}], 'country_predicted': 'USA', 'country_conf': 0.957188, 'geo': {'admin1': 'Louisiana', 'lat': '29.95465', 'lon': '-90.07507', 'country_code3': 'USA', 'geonameid': '4335045', 'place_name': 'New Orleans', 'feature_class': 'P', 'feature_code': 'PPLA2'}}"
460,2021-02-19 23:55:33+00:00,1362913747443023874,"Texas really went from being ğŸ¥¶ to ğŸ¥µ in a day. 

All the snow from yesterday is gone already.","{'word': 'Texas', 'spans': [{'start': 0, 'end': 5}], 'country_predicted': 'USA', 'country_conf': 0.9634983, 'geo': {'admin1': 'Texas', 'lat': '31.25044', 'lon': '-99.25061', 'country_code3': 'USA', 'geonameid': '4736286', 'place_name': 'Texas', 'feature_class': 'A', 'feature_code': 'ADM1'}}"
467,2021-02-19 23:55:29+00:00,1362913729424334854,Lake effect snow continues to heavily fall in Brampton this evening. Expect an additional 2-4cm with this round of snow by tonight.,"{'word': 'Brampton', 'spans': [{'start': 46, 'end': 54}], 'country_predicted': 'CAN', 'country_conf': 0.9048774, 'geo': {'admin1': 'Ontario', 'lat': '43.68341', 'lon': '-79.76633', 'country_code3': 'CAN', 'geonameid': '5907364', 'place_name': 'Brampton', 'feature_class': 'P', 'feature_code': 'PPL'}}"
473,2021-02-19 23:55:26+00:00,1362913715109117955,"@CNN @ABC @NBC Hearing anecdotal reports that Oklahoma had the same storms, snow, colder temps than Texas, but they are surviving due to regulation. Is that true.","{'word': 'Oklahoma', 'spans': [{'start': 46, 'end': 54}], 'country_predicted': 'USA', 'country_conf': 0.961249, 'geo': {'admin1': 'Oklahoma', 'lat': '35.49209', 'lon': '-97.50328', 'country_code3': 'USA', 'geonameid': '4544379', 'place_name': 'Oklahoma', 'feature_class': 'A', 'feature_code': 'ADM1'}}"
474,2021-02-19 23:55:26+00:00,1362913715109117955,"@CNN @ABC @NBC Hearing anecdotal reports that Oklahoma had the same storms, snow, colder temps than Texas, but they are surviving due to regulation. Is that true.","{'word': 'Texas', 'spans': [{'start': 100, 'end': 105}], 'country_predicted': 'USA', 'country_conf': 0.961249, 'geo': {'admin1': 'Texas', 'lat': '31.25044', 'lon': '-99.25061', 'country_code3': 'USA', 'geonameid': '4736286', 'place_name': 'Texas', 'feature_class': 'A', 'feature_code': 'ADM1'}}"
476,2021-02-19 23:55:25+00:00,1362913712445796358,So if Ted Cruz stayed in Texas during the snow storm would anything be different? Would we have lights during the storm ?? Lmao bro yâ€™all sound ignorant as the fuck,"{'word': 'Texas', 'spans': [{'start': 25, 'end': 30}], 'country_predicted': 'USA', 'country_conf': 0.9634983, 'geo': {'admin1': 'Texas', 'lat': '31.25044', 'lon': '-99.25061', 'country_code3': 'USA', 'geonameid': '4736286', 'place_name': 'Texas', 'feature_class': 'A', 'feature_code': 'ADM1'}}"
478,2021-02-19 23:55:24+00:00,1362913708062638082,"Rocks on Mars, snow in Wisconsin https://t.co/SXfQOxS6XY","{'word': 'Mars', 'spans': [{'start': 9, 'end': 13}], 'country_predicted': 'USA', 'country_conf': 0.40238044}"
479,2021-02-19 23:55:24+00:00,1362913708062638082,"Rocks on Mars, snow in Wisconsin https://t.co/SXfQOxS6XY","{'word': 'Wisconsin', 'spans': [{'start': 23, 'end': 32}], 'country_predicted': 'USA', 'country_conf': 0.9634983, 'geo': {'admin1': 'Wisconsin', 'lat': '44.50024', 'lon': '-90.00041', 'country_code3': 'USA', 'geonameid': '5279468', 'place_name': 'Wisconsin', 'feature_class': 'A', 'feature_code': 'ADM1'}}"
491,2021-02-19 23:55:19+00:00,1362913688294932481,"Rocks on Mars, snow in Wisconsin
https://t.co/YKkoHQ47mV
#wisconsin
#mars #rocks #sno...
https://t.co/YKkoHQ47mV","{'word': 'Mars', 'spans': [{'start': 9, 'end': 13}], 'country_predicted': 'USA', 'country_conf': 0.40238044}"
492,2021-02-19 23:55:19+00:00,1362913688294932481,"Rocks on Mars, snow in Wisconsin
https://t.co/YKkoHQ47mV
#wisconsin
#mars #rocks #sno...
https://t.co/YKkoHQ47mV","{'word': 'Wisconsin', 'spans': [{'start': 23, 'end': 32}], 'country_predicted': 'USA', 'country_conf': 0.9634983, 'geo': {'admin1': 'Wisconsin', 'lat': '44.50024', 'lon': '-90.00041', 'country_code3': 'USA', 'geonameid': '5279468', 'place_name': 'Wisconsin', 'feature_class': 'A', 'feature_code': 'ADM1'}}"
496,2021-02-19 23:55:16+00:00,1362913676894695424,"@jackkeichhorn the average low temperature for Texas in Feb. is like 40 degrees lmao but hey, if you want to cite ignorance for the effects of climate change, then iâ€™m all for it. but the avg. climate of Texas is simply not prepared for low temps, a quarter inch of ice, and lots of snow","{'word': 'Texas', 'spans': [{'start': 47, 'end': 52}], 'country_predicted': 'USA', 'country_conf': 0.961249, 'geo': {'admin1': 'Texas', 'lat': '31.25044', 'lon': '-99.25061', 'country_code3': 'USA', 'geonameid': '4736286', 'place_name': 'Texas', 'feature_class': 'A', 'feature_code': 'ADM1'}}"
497,2021-02-19 23:55:16+00:00,1362913676894695424,"@jackkeichhorn the average low temperature for Texas in Feb. is like 40 degrees lmao but hey, if you want to cite ignorance for the effects of climate change, then iâ€™m all for it. but the avg. climate of Texas is simply not prepared for low temps, a quarter inch of ice, and lots of snow","{'word': 'Texas', 'spans': [{'start': 204, 'end': 209}], 'country_predicted': 'USA', 'country_conf': 0.961249, 'geo': {'admin1': 'Texas', 'lat': '31.25044', 'lon': '-99.25061', 'country_code3': 'USA', 'geonameid': '4736286', 'place_name': 'Texas', 'feature_class': 'A', 'feature_code': 'ADM1'}}"
498,2021-02-19 23:55:16+00:00,1362913673312931840,When will the snow melt? Next weekâ€™s forecast has good news for S.I. https://t.co/rHNt2oddz8,"{'word': 'S.I.', 'spans': [{'start': 64, 'end': 68}], 'country_predicted': 'CAN', 'country_conf': 0.28868943}"
502,2021-02-19 23:55:13+00:00,1362913662466289665,"@GeorgeTakei I donâ€™t need an apology, Texas does! That and some sort of action from Ted! Get out there and work in a food line, fix broken pipes, shovel snow, something!","{'word': 'Texas', 'spans': [{'start': 38, 'end': 43}], 'country_predicted': 'USA', 'country_conf': 0.9634983, 'geo': {'admin1': 'Texas', 'lat': '31.25044', 'lon': '-99.25061', 'country_code3': 'USA', 'geonameid': '4736286', 'place_name': 'Texas', 'feature_class': 'A', 'feature_code': 'ADM1'}}"
506,2021-02-19 23:55:11+00:00,1362913652769230848,JUST IN: Environment Canada has issued a winter weather travel advisory for northern Wellington County. The weather agency says snow squalls are expected to develop this evening. Snowfall of up to 5 cm is possible by Saturday morning. https://t.co/qFu1F40Qhf,"{'word': 'Wellington', 'spans': [{'start': 85, 'end': 95}], 'country_predicted': 'CAN', 'country_conf': 0.9048774, 'geo': {'admin1': 'Ontario', 'lat': '44.71401', 'lon': '-75.51044', 'country_code3': 'CAN', 'geonameid': '6053690', 'place_name': 'Lieu historique national du Canada du Fort-Wellington', 'feature_class': 'L', 'feature_code': 'RES'}}"
509,2021-02-19 23:55:09+00:00,1362913644846059520,"#CNN is distorting the truth. #Texas indeed wasn't prepared for cold, snow, ice storm which caused #windturbines to ""die"". Not enough $ were invested to prevent such ""death"". Texas should rely on more reliable old fashion energy source. https://t.co/xICwLx8p7F","{'word': 'Texas', 'spans': [{'start': 31, 'end': 36}], 'country_predicted': 'USA', 'country_conf': 0.961249, 'geo': {'admin1': 'Texas', 'lat': '31.25044', 'lon': '-99.25061', 'country_code3': 'USA', 'geonameid': '4736286', 'place_name': 'Texas', 'feature_class': 'A', 'feature_code': 'ADM1'}}"
510,2021-02-19 23:55:09+00:00,1362913644846059520,"#CNN is distorting the truth. #Texas indeed wasn't prepared for cold, snow, ice storm which caused #windturbines to ""die"". Not enough $ were invested to prevent such ""death"". Texas should rely on more reliable old fashion energy source. https://t.co/xICwLx8p7F","{'word': 'Texas', 'spans': [{'start': 175, 'end': 180}], 'country_predicted': 'USA', 'country_conf': 0.961249, 'geo': {'admin1': 'Texas', 'lat': '31.25044', 'lon': '-99.25061', 'country_code3': 'USA', 'geonameid': '4736286', 'place_name': 'Texas', 'feature_class': 'A', 'feature_code': 'ADM1'}}"
514,2021-02-19 23:55:06+00:00,1362913632904876035,Ayyye most of the snow is gone and itâ€™s supposed to be 70Â° next week,"{'word': 'Ayyye', 'spans': [{'start': 0, 'end': 5}], 'country_predicted': 'UGA', 'country_conf': 0.5714737}"
517,2021-02-19 23:55:06+00:00,1362913631504113669,"Snow in Greece, Texas, Saudi Arabia!? https://t.co/8CZppVAvVv via @YouTube","{'word': 'Greece', 'spans': [{'start': 8, 'end': 14}], 'country_predicted': 'GRC', 'country_conf': 0.9544747, 'geo': {'admin1': 'NA', 'lat': '39', 'lon': '22', 'country_code3': 'GRC', 'geonameid': '390903', 'place_name': 'Hellenic Republic', 'feature_class': 'A', 'feature_code': 'PCLI'}}"
518,2021-02-19 23:55:06+00:00,1362913631504113669,"Snow in Greece, Texas, Saudi Arabia!? https://t.co/8CZppVAvVv via @YouTube","{'word': 'Texas', 'spans': [{'start': 16, 'end': 21}], 'country_predicted': 'USA', 'country_conf': 0.9489047, 'geo': {'admin1': 'Texas', 'lat': '31.25044', 'lon': '-99.25061', 'country_code3': 'USA', 'geonameid': '4736286', 'place_name': 'Texas', 'feature_class': 'A', 'feature_code': 'ADM1'}}"
519,2021-02-19 23:55:06+00:00,1362913631504113669,"Snow in Greece, Texas, Saudi Arabia!? https://t.co/8CZppVAvVv via @YouTube","{'word': 'Saudi Arabia', 'spans': [{'start': 23, 'end': 35}], 'country_predicted': 'SAU', 'country_conf': 0.94532996, 'geo': {'admin1': 'NA', 'lat': '25', 'lon': '45', 'country_code3': 'SAU', 'geonameid': '102358', 'place_name': 'Kingdom of Saudi Arabia', 'feature_class': 'A', 'feature_code': 'PCLI'}}"
