,Datetime,Tweet Id,Text
0,2021-02-19 23:59:59+00:00,1362914863396253698,"99% of the comments - BTS

anyways, I recommend listening to Crystal Snow by BTS https://t.co/ekW5jDyzsX"
1,2021-02-19 23:59:59+00:00,1362914861940805632,é¢ç™½ã‹ã£ãŸã—ã‚ã£ã¡ã‚ƒãã³ã—ã‹ã£ãŸã‘ã©ãã£ã¨ã˜ã‚…ã‚“ã¡ã‚ƒã‚“ç›¸æ‰‹ã ã¨ã‚‚ã£ã¨å„ªã—ãæ•™ãˆã¦ã‚‹ã‚“ã ã‚ã†ãªãã¨æ€ã†ã¨IIã‚„ã«ã‚„ã—ã¡ã‚ƒã†ã€‚
2,2021-02-19 23:59:59+00:00,1362914861706059779,@mermaid_daisy Fill a bowl with soap and water and it will be far easier.
3,2021-02-19 23:59:59+00:00,1362914861336952833,"Had a TON of fun with this hunt, thank you to everyone that joined us through this rollercoaster of a hunt ğŸ’œ

Marked Shiny Beldum Hunt
-In the Hail
-No weather manipulators
-No Heal Pulse
-NO MASTERBALL

Hope y'all enjoy the recap of this crazy hunt ğŸ˜

â–¶https://t.co/oEnk0TJqr9 https://t.co/Q99fvKvlRN"
4,2021-02-19 23:59:59+00:00,1362914860795846656,"@sexy_robotnik @beans_n_bops @nice_learning @BobooTobian @yagigote @IBeetman @velma__fan @Christie_Malry @a_bonarlaw @velma_fan @phuketamine @EGattignolo @Starscape14 @JBonniego @make_it_snow @achtung_maybe @TheClickPit @FalklandsWars @Jimmy_z_loser @BillEllson @TerryNPirates @Jockamo13 @GillAmbrose2 @hidIive @IDroveABMW @WillowVane @ProudRepubUSA1 @jarheadbinks @Skrrt__Vonnegut @ChrisTweetsLLC @forpush @TheSuperTagCrew @scrueggs @brandocalriss11 @Genki_Slime @pazsalamshaanti @posting @Patriotgamer45 @ANorhawitz @the_antrik @Jacobkeeler5 @tedcruz @irishgal53 @DropDeadFred_10 @solidarity1986 @JimDavisPhilly Fuck the old folks? Oh fo sho. 

But won't somebody please tHinK aBoUt ThA cHiLdReN!

https://t.co/nAg71izjie"
5,2021-02-19 23:59:59+00:00,1362914860347117573,"Sonic Bacon Cheesburger Toaster w/ fries and a sweet tea EZ Ice. Pro tip, you get way more drink if you tell them EZ Ice. @emily_black17 @LittleDicky__ https://t.co/O62RmsPHh3"
6,2021-02-19 23:59:58+00:00,1362914859533402114,"@MarkHertling It was more than â€œIll considered â€œ! People dying daily no power, no water and politicians sitting on their butts. There is NO excuse or attempt to justify his actions by lying! He should have stayed and used his â€œpowerâ€ and influence to get as much side to Texans as possible."
7,2021-02-19 23:59:58+00:00,1362914858774200325,"@tedcruz There will be another freeze up at some point and be ready with this: generate emergency elec with a car with a wheel removed and a generator head: https://t.co/YNnlsmxrWD Obviously, advanced preparation needed."
8,2021-02-19 23:59:58+00:00,1362914857691926529,"@GregAbbott_TX God job, we had no winter issues in previous years with ice and snow and now we do. Something is not right. Thant you for pursuing this outrage."
9,2021-02-19 23:59:58+00:00,1362914857151057921,"@PsychoRequiem Since we had snow all classes have been online and instead of lecturing online they decided to just give us work so I hurried up and did thatğŸ’€ I still need to study for an exam but I'll do that later ğŸ˜­
ATTENTION SPAN?! THE ANIME IS SO GOOD LIKE OMGGG"
10,2021-02-19 23:59:58+00:00,1362914856660328448,With all this snow thereâ€™s a white person jogging somewhere in the city rn
11,2021-02-19 23:59:57+00:00,1362914855578083329,@MSw_snow ë¹„ì™€ì„œ ë”ì¶”ìš´ê²ƒê°™ê¸°ë„!!
12,2021-02-19 23:59:57+00:00,1362914855519473665,@shawnsstream Ice cream sundae #VoteShawnMendes #KCA
13,2021-02-19 23:59:57+00:00,1362914855427203075,@TepiZep @AprilDRyan I have a poodle. Dog absolutely loves the snow.
14,2021-02-19 23:59:57+00:00,1362914853871058945,Example twitter weather data  02:00 -0.8 91 pct 0.0 N
15,2021-02-19 23:59:57+00:00,1362914852130353156,"@shimmeryshadows What does it matter what the weather is like.
You're going to eat it inside aren't you?"
16,2021-02-19 23:59:56+00:00,1362914851299995669,@MrPaulGroom Let your body get used to it and itâ€™ll be falling off you! Just remember that calories still count and drink a lot of water!
17,2021-02-19 23:59:56+00:00,1362914850834317312,@snow_0130 å†·å‡ã—ãŸã‚‰å‘³è½ã¡ã‚‹ã‹ã‚‚ã§ã™ï¼ç¬‘ç¬‘
18,2021-02-19 23:59:56+00:00,1362914850519715840,LOVEã‚¸ãƒ£ãƒ³ã‚­ãƒ¼ã€3:42ã‹ã‚‰ã®ã‚½ãƒ­ãƒ‘ãƒ¼ãƒˆã«è¨€è‘‰ã«å‡ºæ¥ãªã„ãã‚‰ã„æœ€é«˜ãª4äººã®é­…åŠ›ãŒã©ã‚“ã©ã‚“ã©ãƒ¼ã‚“ã£ã¦æ¥ã‚‹ã‹ã‚‰æ¬²ã‚’è¨€ãˆã°ãƒ•ãƒ«ã§ã©ã†ã
19,2021-02-19 23:59:56+00:00,1362914849219485696,"@marimoazelyn ã‚ã€ã¯ã„ã€‚åŒä¸€äººç‰©ã§ã™f(Â´Ï‰ï½€;)
ã›ã£ã‹ãæ¥½ã—ã‚“ã§ãƒ—ãƒ¬ã‚¤ã—ã¦ã‚‹ã¨ã“ã‚ã«èŒ¶ã€…ã„ã‚Œã‚‹ã®ã¯é…ä¿¡è€…ã•ã‚“ã«å¤±ç¤¼ã‹ãªãƒ¼ä¸Šã‹ã‚‰ç›®ç·šã§å‰ãã†ã‹ãªãƒ¼ã¨æ€ã„ã¤ã¤ã‚‚çªã£è¾¼ã‚“ã§ã—ã¾ã„ğŸ’¦ã€€ç„¡äº‹ã‚¯ãƒªã‚¢ã§ãã¦ã‚ˆã‹ã£ãŸã§ã™ï¼

ã“ã‚Œã‹ã‚‰ã‚‚ã®ã‚“ã³ã‚Šã€ã‚ã›ã‚‰ãšæ¥½ã—ã‚“ã§ãƒ—ãƒ¬ã‚¤ã—ã¦ã¿ã¦ãã ã•ã„â˜ºï¸"
20,2021-02-19 23:59:56+00:00,1362914848997330945,i am going to play OW2 for the weather
21,2021-02-19 23:59:56+00:00,1362914848724705281,"#freethemall
â€œDying of coldâ€: ICE detainees freezing in southern prisons https://t.co/8HUXzm6rxw by @AlleenBrown"
22,2021-02-19 23:59:56+00:00,1362914848506580998,@taliasucksss @tedcruz There was nothing anyone could do. Everything off. If power off in the whole city then the power off in the governor office too. That's why I'm saying it doesn't make sense. If anything blame biden for not providing aid
23,2021-02-19 23:59:56+00:00,1362914848078770176,"@KyleKulinski @justicedems Kyle, congrats on starting an organization that is now fighting for the nomination of Neera Tanden!  You must be proud.  You should have thrown Alexandria Rojas out on her ass when she threatened you.  We all see now this is all about her. Her power."
24,2021-02-19 23:59:56+00:00,1362914847457873921,@Archiebonker @JetsCentric Tough to be great with 3:40 seconds of ice time. Thought he was doing alright the other games he played.
25,2021-02-19 23:59:55+00:00,1362914846661103616,Academia Power Fit https://t.co/ZM5iIYYUJa https://t.co/kwa5NwbTAG
26,2021-02-19 23:59:55+00:00,1362914846241529864,"@thekjgeorge @INCIndia @INCKarnataka @INCSarvagna PLEASE add some Water Plant or any shop to avoid people making our streets/road untidy and unhygenic, please #help remove #BlackSpot,#garbagethrowing near parijatha school.... Add 2 more cameras and additional street lights to get rid of unhealthy and unhygenic environment.."
27,2021-02-19 23:59:55+00:00,1362914845574664193,"@Tobi_Is_Fab Glad you got power back and that it looks like warmer weather is on it's way.  Hope a good time is had with your bro' &amp; fiancee.  

Didn't think about the power outage thing . . . maybe I should visit them then and I can bring the food? ! ?  ğŸ˜‚"
28,2021-02-19 23:59:55+00:00,1362914845302038537,"@your_exbby thanks u too, don't forget to drink a lot of water and happy weekend!"
29,2021-02-19 23:59:55+00:00,1362914845138518020,"@H_MitchellPhoto @SenTedCruz If my parents had left behind any of our animals to freeze to death when I was a teen, I'd have screamed my head off. Not only is @SenTedCruz an person who lacks empathy, his wife and kids are as well."
30,2021-02-19 23:59:55+00:00,1362914843649572864,"7 / The real question is - â€œDo we now have the political will to make these investments and adapt + harden our power, water and telecom systems against severe weather events?â€ @JesseJenkins @MichaelEWebber @joshdr83"
31,2021-02-19 23:59:55+00:00,1362914843615850498,@TonyBrunoShow @HillaryClinton I didnâ€™t vote for her either. I regretted it in the first three months. As a member of Maralago I was impressed to be close to ultimate power but as w/all things Trump it was smoke &amp; mirrors &amp; lies. It was a con on a grand scale &amp; the courts will have to clean up the carnage.
32,2021-02-19 23:59:54+00:00,1362914842844176385,"@satscribe @Gemalogical @atxwxgirl Agreed. We obviously need to look at this very deeply, I am skeptical about a motive until we have some more data. No one should have been without power for days."
33,2021-02-19 23:59:54+00:00,1362914841657245698,@sujayjaswa Fauci doesnâ€™t decide what defines normal for the millions of U.S. citizens. Rational common sense folks donâ€™t need a human weather vane to know which way the wind blows in their lives.
34,2021-02-19 23:59:54+00:00,1362914841221091333,"@rebeccawilk0 People use water

Wtf"
35,2021-02-19 23:59:54+00:00,1362914840218456068,@TonyReali 1/5 of all fresh water on earth. ğŸ˜®
36,2021-02-19 23:59:53+00:00,1362914837882425355,@firelorddany Imagine they made Sokka a water bender instead- Id literally cry
37,2021-02-19 23:59:53+00:00,1362914837706104833,"@neilwrites @CBadcock @Raf_Epstein She did, stop patronising, your choice of illustration was crap. ""Here is the graph showing that when the tap is turned off, no water flows from it anymore"" really? Wow! Incredible! Only interesting info in the article is that FB contrib to news site traffic went from 15% to 5%"
38,2021-02-19 23:59:53+00:00,1362914836074680325,@Moleesh @MoussaMakarfi Bottle water Guy lolz
39,2021-02-19 23:59:52+00:00,1362914834044477441,@TheNotoriousHPB @JMillerOcuin Be one with the ice and snow.
40,2021-02-19 23:59:52+00:00,1362914832605970434,While the snow flies letâ€™s think summer at the farmers market where DPW held 4 trash to treasure events over the last two years. We want to see your pictures from the treasures you took out of the containers. Pictured here is a dry sink that was re-done from our very first event. https://t.co/PZZVwm6gDF
41,2021-02-19 23:59:52+00:00,1362914831238639631,"I just realised we are never going to see bloopers of the ice skating and yoga scenes, I may cry"
42,2021-02-19 23:59:51+00:00,1362914826452930560,@CarellaJoe @BaltimoreDPW Storage of treated water.  Baltimoreâ€™s water is freshwater sourced from the Gunpowder &amp; Patapsco so desalination (in terms of salt removal)  is not necessary.
43,2021-02-19 23:59:50+00:00,1362914826293448705,"@bskousen @0xPolygon @mcuban @mcuban has already been keeping an eye on #matic 
It's time for people to realise the L2 power!!!"
44,2021-02-19 23:59:50+00:00,1362914825672744963,"After a week of below freezing temps, an ice storm, not one, not two, but THREE busted water pipes. One being the main. In the frick fracking south.

I really needed this ğŸ˜­ğŸ˜­"
45,2021-02-19 23:59:50+00:00,1362914825442058243,@DanRather I'm so sorry for your inconvenience.  I guess this is the first time you've lost power and need some sympathy.  Well FU. There r whole states w/o power and its called mother nature. Not the governments fault
46,2021-02-19 23:59:49+00:00,1362914821017137154,"@Lightroom Shoot, shoot, then shoot some more. Go out in good weather and bad.  Look at your shots and ask how youâ€™d do it differently.  Then go out and reshoot it better the next time."
47,2021-02-19 23:59:49+00:00,1362914820509470720,@kiwikamikaze She has found the flowery miracle with the power of perseverance! A fantastic rainbow fanart piece ğŸŒˆâœ¨ğŸŒº
48,2021-02-19 23:59:49+00:00,1362914820119552000,@TheMigoze Greatest country on the world (supposedly) canâ€™t handle some frozen water lolololol
49,2021-02-19 23:59:49+00:00,1362914820102701061,garcia and monty together &gt;&gt;&gt; the power they hold
50,2021-02-19 23:59:49+00:00,1362914819909779456,"kmfsl but ima just freeze it, cause nah.. i work tomağŸ˜©"
51,2021-02-19 23:59:49+00:00,1362914819674791943,"âœ 
äººç”Ÿã¯å…¬å¹³ã§ã¯ãªã„ã€‚ãã®ã“ã¨ã«æ…£ã‚Œã‚ˆã†ã€‚"
52,2021-02-19 23:59:49+00:00,1362914819511304193,"From this week's American College of Allergy, Asthma and Immunology:  Despite this week's snow, spring is just around the corner.

https://t.co/lCCK5uF4T9"
53,2021-02-19 23:59:48+00:00,1362914817665720322,whatâ€™s nextâ€¦ sokka being a water bender?! ğŸ˜µâ€ğŸ’« https://t.co/ZfakG1DhTX
54,2021-02-19 23:59:48+00:00,1362914816155869184,@1der_Mom @CavasinTracey @CNN What would they have done if they had succeeded from the US ğŸ™„ All 50 states have donated food and water and other necessities to them because their own state hasn't done squat.
55,2021-02-19 23:59:48+00:00,1362914815455481860,@crfcxsta HAYLANDER COMÃ‰DIA ROUBAMO O TEUS ICE MEU PIRU NA SUA BOCA DERRETE IGUAL CHOCOLATEEE
56,2021-02-19 23:59:48+00:00,1362914813995802625,"Are YOU getting this Friday evening snow? If so, send pics or a report on how much! Thanks. https://t.co/brtS498vAy"
57,2021-02-19 23:59:47+00:00,1362914813337350144,Freeze Corleone https://t.co/Kj8J0Kg0fQ
58,2021-02-19 23:59:47+00:00,1362914813106675712,"When you call my name
It's like a little prayer
I'm down on my knees
I want to take you ~there~
In the midnight hour
I can feel ~your power~
Just like a prayer
You know I'll take you ~there~ https://t.co/ltI95q4uJE"
59,2021-02-19 23:59:47+00:00,1362914812653633541,"Piles of snow outside, -8C feels like -14C â€¦ but like a good CanadianğŸ , FIRE UP THE BARBECUE! https://t.co/IR1P7Q42nL"
60,2021-02-19 23:59:47+00:00,1362914812150251520,Snow Manã®é †ä½ãŒä¸‹ãŒã£ã¦ã—ã¾ã£ãŸâ€¦
61,2021-02-19 23:59:47+00:00,1362914810590072837,My bestie and her beautiful girl enjoyed some fun in the snow with us. #SnowDay2021 https://t.co/jmsYsJnT0v
62,2021-02-19 23:59:47+00:00,1362914810250162176,"""You spill into my heart my heart like a snow"" - an indirect confession. You know who is it. ğŸ˜ğŸ‘ https://t.co/l1zIORhV7e"
63,2021-02-19 23:59:47+00:00,1362914810011254790,@AnthonyFarnell @StormWeatherDog My employer wonâ€™t even allow me to bring my kid in on a snow day...and itâ€™s a school!
64,2021-02-19 23:59:46+00:00,1362914809549709316,@BettingtonTim @USDA @Zoetis What also will help farmers continue to deliver good crop and food is clean water!! @USDA DO NOT sign the #oakflat land deed away to foreign mining interest @resolutioncu #SaveOakFlat !!
65,2021-02-19 23:59:46+00:00,1362914809512144896,"Bro if y'all let climate change get to the point where I'm getting snow on my tropical island, EVERYONE catching these cold ass hands."
66,2021-02-19 23:59:46+00:00,1362914809319145473,This is awesome. We have now saturated the column more importantly now and have nice dendrites falling and are accumulating well at 25-26 degrees. Good snow growth. https://t.co/0tM0rsAv82
67,2021-02-19 23:59:46+00:00,1362914808476147713,@TigheSam I heard Hilga or Hilda too!
68,2021-02-19 23:59:46+00:00,1362914808304177154,"@francispreve Yeah, I donâ€™t think Iâ€™ll ever trust in things like power and water again."
69,2021-02-19 23:59:46+00:00,1362914808102858759,They donâ€™t care about the kids!  Theyâ€™re loving their power trip! https://t.co/1mRnLYKz2D
70,2021-02-19 23:59:46+00:00,1362914806857146373,@brokenangelK19 3 kids younger than 10 years old. He's been out of power and had a busted pipe WHILE doing all this. He wanted to settle down and make his fans happy and get a break. People will hate on him for BREATHING.ğŸ™„
71,2021-02-19 23:59:46+00:00,1362914806265749506,iâ€™m over all this snow i canâ€™t even order me no grub!! #UAPB_RYS21 #Lane_RYS21
72,2021-02-19 23:59:46+00:00,1362914805506531329,@atxwxgirl We got the same 'theory' in SA.  I can assure you that even though I live on the northern (affluent side) I lost count how many times my power went out for 3.5 days &amp; my eventual indoor temp of 49Â°F did not somehow equate to comfortability.. #Justsayin
73,2021-02-19 23:59:45+00:00,1362914804856467458,"#CocaCola Goes WOKE And Demeans White Employees For Doing Nothing

Suddenly @CocaCola Products Seem Less Appealing ...
Identity Politics Has Infiltrated Corporate America, But The Consumer Has All The Power In Their Decisions On What Products To Buy https://t.co/Hp2IrIrMXz"
74,2021-02-19 23:59:45+00:00,1362914804814340099,"@ChainLinkGod @tlebon @cz_binance It's similar to the argument that BSV has. 'We have more transactions!' Yeah, cause you have a couple apps just spamming shit like weather updates."
75,2021-02-19 23:59:45+00:00,1362914804734832642,nossa a mÃºsica que eu mais ouvi na vida Ã© sweater weather...... o que isso diz sobre mim?
76,2021-02-19 23:59:45+00:00,1362914804504162305,@chelseatoniann Water gone mumz
77,2021-02-19 23:59:45+00:00,1362914804093116416,"When your fridge stops working during the cold winter.

Put it all in boxes plastic bag wrapped and put it in your garage. If items need to remain frozen, North side of the house.

If you have a snow bank that is even easier.

In the summer, you are out of luck. https://t.co/AeU6M7VUn4"
78,2021-02-19 23:59:45+00:00,1362914802910306310,@memangrum A little amazed that your colleagues let the Floridian drive in the snow. ğŸ˜ƒ
79,2021-02-19 23:59:45+00:00,1362914802268475393,j a lil tb for the twit bc i miss warm weather https://t.co/P0maiVmrrR
80,2021-02-19 23:59:45+00:00,1362914802025123843,U know your black if you know about that hot water Nd soap ğŸ˜‚ğŸ˜‚ğŸ˜‚ when it comes to juice spilled ona carpet .
81,2021-02-19 23:59:45+00:00,1362914801857437696,"I tried to give this homeless man some water and this nigga wanna talk about ""I already have two water bottles, I want money"" like ??? I'm trying to help you the best way I can and you wanna have demands? go to hell ğŸ˜­"
82,2021-02-19 23:59:44+00:00,1362914799550664711,"This is also why it's so infuriating to see politicians say ""we need to do something."" No, YOU need to do something. You're the one with the power to change things! That's why you (ostensibly) got the position to do so!"
83,2021-02-19 23:59:44+00:00,1362914797747068929,I donâ€™t pay my water bill to not have water
84,2021-02-19 23:59:44+00:00,1362914797667377153,"Pretty sure that an exercise machine that mimics shoveling snow is going to be a loser, right?"
85,2021-02-19 23:59:44+00:00,1362914797608525824,ãƒˆãƒ¬ãƒ³ãƒ‰ã®ã‚·ãƒãƒ¥ãƒ¼ã«æœã‹ã‚‰å¤§ç¬‘ã„ã—ã¦ã¾ã™ã€‚
86,2021-02-19 23:59:44+00:00,1362914797554122752,"Well, you're wrong.
 (She,, hugs her knees tighter.)

   You're invaluable. 

 Water is wet, and the sun is in the sky. Cats have four legs. https://t.co/ju0Q2wgHFo"
87,2021-02-19 23:59:44+00:00,1362914797365379074,"@_noskcaj_17 Silent Hill's subconscious power mixed with liminal spaces emptiness.

The foreboding dread of Kubrick's The Shining's hotel without the ghosts and double the inner destruction."
88,2021-02-19 23:59:44+00:00,1362914797117988864,"I finished The Road during the longest stretch of having snow on the ground that I can remember. Very fitting. Great read, worth checking out! @tlange @jposhaughnessy"
89,2021-02-19 23:59:43+00:00,1362914796547411970,@ultimatejingle Asking for a friend; Will her portfolio survive a power blackout ?
90,2021-02-19 23:59:43+00:00,1362914796245553155,"@MarkChangizi Basically you ski from hot choc to hot choc, snow is pure dusty powder though."
91,2021-02-19 23:59:43+00:00,1362914794454454274,@Snow___cover é»’é«ªã§ã™
92,2021-02-19 23:59:43+00:00,1362914794068725764,"On a more serious note, this panic buying is fucking ridiculous. As far as we can tell the winter weather is over after tonight theres no need to buy everything at the store. It wasnt even necessary last week either. Jfc There are people with nothing while others have a shit ton."
93,2021-02-19 23:59:43+00:00,1362914793833775110,@brendonme Nice blowing snow you got there.
94,2021-02-19 23:59:43+00:00,1362914793691176961,@_nitaab â€œAdultsâ€ on a damn power trip ğŸ˜’
95,2021-02-19 23:59:43+00:00,1362914793598767104,@alt_kid_on_acid the last time I drank water was last night
96,2021-02-19 23:59:42+00:00,1362914792516820996,"hey! remember to drink water, eat properly, and rest well! if everything is bad, im here for u &lt;3"
97,2021-02-19 23:59:42+00:00,1362914791484981251,"@jockjeens Black ice, and black ice only"
98,2021-02-19 23:59:42+00:00,1362914789203263490,@JimSmith87 @UPS @amazon Check your snow banks!!! @FedEx just throws our out the window
99,2021-02-19 23:59:41+00:00,1362914788326723593,Love this snapshot of the ice &amp; snow from #oksd30 artists #okc #music https://t.co/dbsxkUWKF7
100,2021-02-19 23:59:41+00:00,1362914788305756162,@largecheese3 @Sir_Bedivere8 @kerbaron @DrKarlynB Youâ€™re saying that white supremacy is supported by all white people because you believe all white peoples are racists and want all the power to always keep other minorities down so you can feel superior?
101,2021-02-19 23:59:41+00:00,1362914787773005825,Update: Closed: Other Weather: EB on Rt. 606E at MM3 in Brunswick Co. All EB &amp; all WB travel lanes closed. 6:58PM
102,2021-02-19 23:59:41+00:00,1362914786846064641,Update: Conditions: Snow/Ice: on multiple routes in Wythe Co. Potential Delays. 6:58PM
103,2021-02-19 23:59:41+00:00,1362914786426560512,"The trees are blossoming in this Spring weather. 

It's the middle of February."
104,2021-02-19 23:59:41+00:00,1362914786040832005,gatekeepers and censors who can now shape public opinion. That's far too much power for any company to hold and they should go back to being a platform and let people rely on the block function if they come across content they don't like. (2/3)
105,2021-02-19 23:59:41+00:00,1362914785906597888,@MrCiniak23 Wzajemnie Mati! Kolorowych snÃ³w ğŸ˜ŠğŸ’«ğŸ¤—
106,2021-02-19 23:59:40+00:00,1362914784430219269,Update: Closed: Other Weather: EB on Rt. 606E at MM3 in Brunswick Co. All EB &amp; all WB travel lanes closed. 6:58PM
107,2021-02-19 23:59:40+00:00,1362914783733948427,@RoundRaychel_ Rub his balls ka di ice or cold water. It works https://t.co/3Rf4w9sour
108,2021-02-19 23:59:40+00:00,1362914780655218692,@USMNT_Thoughts @UniteToWatch You still donâ€™t seem to understand that Garber SUM @MLS will do anything &amp; everything in their power to kill anything that takes money away from their operation. They do so by controlling the board of @ussoccer https://t.co/VXTIsiR8U0
109,2021-02-19 23:59:39+00:00,1362914780034437124,@sumiresusie ã‹ã‚ã„ãã†ãŒå¯æ„›ã„ã«ãªã‚Šã¤ã¤ã‚ã‚‹ã™ãƒ¼ã˜ãƒã•ã‚“â€¦ï¼Ÿâ†
110,2021-02-19 23:59:39+00:00,1362914778298142720,"Feel her power over you. Your life us nothing without her. Worship her now
@BlackBeautyDomm https://t.co/XW98VUtMeG"
111,2021-02-19 23:59:39+00:00,1362914777505419264,My ass got frost bite out there messing around in this damn snow
112,2021-02-19 23:59:39+00:00,1362914776934932482,@washingtonpost Opinion : is the weather more important than covid-19?
113,2021-02-19 23:59:38+00:00,1362914775848677376,Life was extremely warm before #backyardchickens but this morning I thought I might freeze bringing them water. https://t.co/wQRDgQgBqu
114,2021-02-19 23:59:38+00:00,1362914775253069825,@lilystgermain GET THAT SNOW JOVIE!!!
115,2021-02-19 23:59:38+00:00,1362914774846177285,Just posted a video @ Playing in the Snow https://t.co/DEaQLW1gWC
116,2021-02-19 23:59:38+00:00,1362914774271496193,ì£¼íš¨ì‹ ì§„ì§œì›ƒê²¨
117,2021-02-19 23:59:38+00:00,1362914772132519938,@ThreeDailey https://t.co/au3LK0IQXP - this article explains it. The company Griddy offered power for what they paid - super cheap usually - until they ran out and ERCOT upped the price which means those customers paid the upped price as well
118,2021-02-19 23:59:38+00:00,1362914771973120007,"Parce que belleza... Los llamÃ© a todos y dijimos que volveriamos a ser los power rangers, hubo el espacio, el tiempo y ahira estamos listos para hacer mucha mÃºsica, falta un baterista pero ya nos estamos organizando para arrancar a grabar. Vuelve FRECUENCIA SIDERAL ğŸ˜ğŸ˜ğŸ˜ğŸ˜ğŸ˜"
119,2021-02-19 23:59:37+00:00,1362914771813740549,this snow is so wild that i woke up at 4am having a panic attack that i had slept walk and drove my car and wrecked it. my ass had to go outside my apartment and make sure my car was still there.
120,2021-02-19 23:59:37+00:00,1362914768244379651,"@Public_Citizen Itâ€™s funded by all of us in the sense that itâ€™s funded by the fed gvt, which is the creation of PUBLIC MONEY, created by the act of Congressional appropriation, using the power of the purse that We the People give itâ€”not by collecting fed tax$."
121,2021-02-19 23:59:36+00:00,1362914767099355141,"@TVGmediaguy @gdimeweather @weatherchannel @stlCITYsc Hahah! I donâ€™t hate it...but yeah, done with this weather"
122,2021-02-19 23:59:36+00:00,1362914766801485828,There is no water to bathe https://t.co/T60Il40lSe
123,2021-02-19 23:59:36+00:00,1362914766608420864,"@JoellasWorld back then we were in development, we could have been a benevolent world power but we chased the money instead. Fucked it all up"
124,2021-02-19 23:59:36+00:00,1362914766432260097,"ä»Šé€±ã‚‚ã‚ªã‚·ãƒªã‚¹ã®è©¦ç·´ä»£è¡Œã—ã¾ã™ï¼
å¸Œæœ›ã®æ–¹ã¯dmã¾ã§ï¼1ã‚­ãƒ£ãƒ©1æ™‚é–“ç¨‹åº¦ã§çµ‚ã‚ã‚Šã¾ã™ï¼

3å‹:ã‚·ãƒ§ãƒƒãƒˆã‚¬ãƒ³
5å‹:å‰£
7å‹:è…•
ãƒ©ã‚¤ãƒˆãƒã‚¦ã‚¹:æ–°ã‚¤ã‚°ãƒ‹ã‚¢ã‚¹ãƒãƒ³ãƒãƒ¼&amp;ãƒ©ãƒ³ãƒ€ãƒ MOD
#Destiny2 #ãƒ‡ã‚¹ãƒ†ã‚£ãƒ‹ãƒ¼ https://t.co/aWp7uqpA8d"
125,2021-02-19 23:59:36+00:00,1362914766247784451,@Nana_tw_ice æ˜¼å¯ãƒ­ãƒ³ã‚°ã‚¹ãƒªãƒ¼ãƒ‘ãƒ¼ã ã‹ã‚‰ç¬‘
126,2021-02-19 23:59:36+00:00,1362914766138695680,"@evcricket If these are the same people who think the snow is fake because it 'burns', you just know they won't."
127,2021-02-19 23:59:36+00:00,1362914765136363520,@TallBart Thatâ€™s a power fit
128,2021-02-19 23:59:36+00:00,1362914763819405312,"@WillieRoyH @bobpockrass I mean I donâ€™t think there would be any reason for dry with this much water. Either way, rain tires are definitely the better choice for the start."
129,2021-02-19 23:59:36+00:00,1362914763563532290,water https://t.co/DetOPmijjk
130,2021-02-19 23:59:35+00:00,1362914763013988355,Dawg all people had to do was buy the shit they needed but nahhh mfs thought they would need gas for they vehicles during a snow in. The logic of that really pisses me off right now because Iâ€™m without and itâ€™s mfs out there sitting on gas cans filled to the top.
131,2021-02-19 23:59:35+00:00,1362914762460381192,@Aigle4Bfr @NPR @IslandGirlPRV This is the kind of unstable weather you live with because you didn't listen to people like Greta.
132,2021-02-19 23:59:35+00:00,1362914762166837249,"some bottled water. Due to my MS, I have balance/mobility problems under normal conditions &amp; canâ€™t get to those places now. The stores are pretty much empty according to everyone weâ€™ve talked to that has been able to make it to a store. Thank God for canned tuna, Nissin Foods"
133,2021-02-19 23:59:35+00:00,1362914761227272196,idk what's in the water but ava and maya are cutting up worse than usual ğŸ™„
134,2021-02-19 23:59:35+00:00,1362914760921145349,"Still have power. We have had intermittent trickles of water that we are saving to flush toilet with. Some parts of town have water but others donâ€™t. We are all under boil orders &amp; it may last thru next week. There are some places, if you can drive to them, that will give you"
135,2021-02-19 23:59:35+00:00,1362914760422010885,"LEGO DUPLO Disney Frozen Ice Castle 10899 Building Blocks (59 Pieces)
â¸»â¸»â¸»
View it on Amazon:
ğŸ”— https://t.co/vKxulQwNS0
â¸»â¸»â¸»
#SearchNCollect #Amazon #Ad #LEGO #Bricks #BrickSetSearch"
136,2021-02-19 23:59:35+00:00,1362914760300314625,vou tomar essas Ice e piar na pista de rolÃª ğŸ˜‡
137,2021-02-19 23:59:35+00:00,1362914760056926208,@yhram28 MAMSHHHHHHHHHH LINTEK POWER TINGIN PA AKO SA IGTV BEKEEEE NEMEN KAKO MEW TAS ALA TALAGA smile even if it hurts na lang aku! https://t.co/G5vAticK34
138,2021-02-19 23:59:35+00:00,1362914759352418305,"BelÃ©n Soto, autora de Mujer power: â€œEl amor propio no es una moda, no es algo pasajero, sino una prÃ¡ctica para toda la vidaâ€ https://t.co/Okf2fJD1RW"
139,2021-02-19 23:59:34+00:00,1362914758631059463,"@21_heathen @ConceptualJames Like they could just tie it into you being unwilling to let go of power, holding back equity, being racist/biased, not wanting to be made uncomfortable, not wanting to alter the status quo, implicit bias, being fragile, benefitting from white supremacy, etc."
140,2021-02-19 23:59:34+00:00,1362914758039662593,"So, today to recap, I went into town to buy groceries. Not a single loaf of bread, nor bottle of water. My water is poisonous causing cancer, kidney, and stomach problems. I just use it for ice and to shower in. It went back off."
141,2021-02-19 23:59:34+00:00,1362914757955698691,Incredible speech by ICE endorsement
142,2021-02-19 23:59:34+00:00,1362914757221617670,â†¯ç´«ã®ã‚¯ãƒ­ãƒƒã‚«ã‚¹ ï¼ˆ     æ„›ã—ãŸã“ã¨ã‚’å¾Œæ‚”ã™ã‚‹    ï¼‰https://t.co/2q2EosP7RM
143,2021-02-19 23:59:34+00:00,1362914757137883142,"@realWOWitsTyler @froggs09 @Phil04357170 @TheBabylonBee Now itâ€™s the weather but his policies, some of which were already implemented through EOs, will have the same effect just like they did under Obama. It will take a few months like it usually takes said policies to start impacting, but the outcome will be the same."
144,2021-02-19 23:59:33+00:00,1362914754977812484,@yukheihot i should Iâ€™ve been r worded 3 times in the past 3 weeks Iâ€™m on thin ice
145,2021-02-19 23:59:33+00:00,1362914753992155141,"@elizabeth2863 @elvialimon blankets, and a way to heat water with a packet and water, like an MRE-but it's reusable and no flames. Lots of stuff, just to be safe. Bathtub water reservoir is also under the sink, ready to go.  That would also need blankets- and I keep water purification tablets just because."
146,2021-02-19 23:59:33+00:00,1362914753950187522,@NeilHubbucks Damp but mild though. Here is our weather. Bit more brisk! ğŸ¥¶ https://t.co/3rdp44yiRY
147,2021-02-19 23:59:33+00:00,1362914753476235264,"Her body hurts.

Specifically her back. Probably because she's been rolling around in the snow all day."
148,2021-02-19 23:59:33+00:00,1362914753086165001,"The power of the local, regional or state authority comes from the expressed consent of the people. As soon as the majority of people deny that consent, those officials and state authoritarians lose all of their power.Â Yes, it really is that simpleÂ WATCHğŸ‘‡
https://t.co/xv7JOZlpq5"
149,2021-02-19 23:59:33+00:00,1362914752759033861,"Pike, now, what is there to say about that guy? how would you describe his time as chancellor? well, in a very short period of time he managed to massacre his peopleâ€™s allies and start an unwinnable war while simultaneously allowing an AI cult to rise to power under his nose,,,"
150,2021-02-19 23:59:33+00:00,1362914752327016448,"The worst thing about headaches is trying to figure out why. I forced myself to eat, sleep, drink water &amp; my head is still hurting omggg"
151,2021-02-19 23:59:33+00:00,1362914751253254145,"Got to 38 degrees F today; saw some melting.  Lots to go.  Hard freeze tonight, then a good span of days above freezing. https://t.co/wE1icHV3dv"
152,2021-02-19 23:59:32+00:00,1362914749806174211,"Anti-woke Counterweight revealed they've been contacted by charity workers worried â€œabout funds that are being diverted away from essential care ie food &amp; clean water to be ploughed into diversity training of staffâ€.
Cabinet Office found training 'may even be counter-productiveâ€. https://t.co/qfjY5nKx9h"
153,2021-02-19 23:59:32+00:00,1362914749449711621,@theothercole I'm used to it ğŸ¤£ğŸ¤£ trust me I'm cutting back to 0 once this weather goes away..
154,2021-02-19 23:59:32+00:00,1362914749386813460,"I donâ€™t care to see Supergirl or Batgirl on film yet lol 

I donâ€™t know one little girl out here saying â€œdamn, when that power girl movie happening?â€"
155,2021-02-19 23:59:32+00:00,1362914748682153992,"power might go out again, took the liberty of downloading bleach on netflix just in case. ainâ€™t have NOTHING to binge last time bruh"
156,2021-02-19 23:59:32+00:00,1362914747184635908,çªç„¶PONã•ã‚“ã®Power Of Natureè´ããŸããªã£ã¡ã‚ƒã£ãŸ
157,2021-02-19 23:59:31+00:00,1362914746366758916,"The 99,999,281 freeze is pissing me off ğŸ˜­"
158,2021-02-19 23:59:31+00:00,1362914745414799360,snow
159,2021-02-19 23:59:31+00:00,1362914745184112640,what did i miss on this fine melting snow day https://t.co/MEe7069fwX
160,2021-02-19 23:59:31+00:00,1362914744181657604,@kellowayj1 @HeatCalculation In conjunction with the appliance max power you can also fine tune the flow temperature - the weather compensation curve. There should be something in the controls parameters. But youâ€™ll need to do the heat loss/radiator size calcs  to know optimal settings rather than empirical
161,2021-02-19 23:59:30+00:00,1362914741874692101,å¤œç©ºèˆã†å›ãŒåƒ•ã®é»’ã‚’ç™½ã«  æŸ“ã‚ã¦èƒŒä¸­æŠ¼ã—ã¦ã‚†ã  å›ãŒèˆã†å­£ç¯€ã¾ã§ã¾ãŸä¸€äººã§ äºŒäººã®æ„›è‚²ã‚€ã‚ˆ   /Snow White
162,2021-02-19 23:59:30+00:00,1362914741761540098,"Due to the remaining ice and snow and the MLGW water advisory, the Zoo will remain closed Saturday 2/20 and Sunday 2/21. Thank you for your continued support! https://t.co/77ddsICPOq"
163,2021-02-19 23:59:30+00:00,1362914741568606208,@carter_ae @SirTweetzalot1 @VickyPJWard Technically it was NATO effort to get him out of power. He could havenâ€™t gotten out but chose poorly l
164,2021-02-19 23:59:30+00:00,1362914741019156480,"Ignoring Hatch Act violations is what led to RNC events &amp; election night parties at the WH. Ignoring Trumpâ€™s nepotism, campaign finance violations, obstruction of justice &amp; abuse of power led to the Big Lie and the insurrection. Ignoring â€œlittleâ€ violations lead to bigger ones. https://t.co/DY3c854iSv"
165,2021-02-19 23:59:30+00:00,1362914740545191942,"@kevinadiamond @adamboultonSKY @UKLabour The left are just following the standard set by the Labour right. They only cared about their side and did everything possible to prevent Labour getting the keys to No 10. 

Now they're in power, Labour's right wing has no will to fight anyone but its left wing."
166,2021-02-19 23:59:30+00:00,1362914740389969931,I wish all people who dont fill up the water filter a very unpleasant dehydration
167,2021-02-19 23:59:30+00:00,1362914740352204800,Honored to contribute to this conference which will demonstrate the power of the #pharmacist to improve patient #Wellbeing #healthcare https://t.co/Obye04TN9C
168,2021-02-19 23:59:30+00:00,1362914740159139840,å­¦æ ¡ã§ï¾—ï½¸ï½¶ï¾ï½· https://t.co/Nf04mWUoI2
169,2021-02-19 23:59:30+00:00,1362914739991556097,Whew something must be in the water or the milk so something for people to be acting the way they do
170,2021-02-19 23:59:30+00:00,1362914739819597824,@guccies91 power rangers amo
171,2021-02-19 23:59:30+00:00,1362914738989117443,"@OFWGKTA150 @lezcorset @arrestedwealth @phuckoffplease @_nitaab That's smart, I would've thrown some water under my eyes to make it look like I was crying. Come back to class and put on the best show for the class ğŸ˜‚ like ""yeah he got me good this time ğŸ‘€"" https://t.co/5giRD5YNAn"
172,2021-02-19 23:59:29+00:00,1362914737735016449,Never forget it was below freezing and near subzero temperatures  from Feb. 10-19. Also received nearly 10 inches of snow that stayed for over a week! â„
173,2021-02-19 23:59:29+00:00,1362914737454018561,"@iamvictor__ Water,water, ğŸ˜‚ the teacher sef get wahala"
174,2021-02-19 23:59:29+00:00,1362914737126793216,"@StateFarm
Is making me do 2 seperate claims, which equals 2 deductibles, for damage from the same storm! This is ridiculous! Freeze happens, the pipes burst! Frozen sewer line will not happen on the same day a pipe burst! 

https://t.co/mhXjhRrHSv"
175,2021-02-19 23:59:29+00:00,1362914737021800448,"@motion_snow ã”å¿œå‹Ÿã‚ã‚ŠãŒã¨ã†ã”ã–ã„ã¾ã™â—
æ®‹å¿µã§ã™ãŒã€ã¯ãšã‚Œã§ã™ğŸ˜µ
2/22(æœˆ)ã¾ã§æ¯æ—¥å¿œå‹Ÿå¯èƒ½ 
æ˜¯éã¾ãŸæ˜æ—¥ã‚‚æŒ‘æˆ¦ã—ã¦ãã ã•ã„â€¼ï¸
ã‚­ãƒ£ãƒ³ãƒšãƒ¼ãƒ³ã‚µã‚¤ãƒˆâ‡’https://t.co/SCdndnvLxv https://t.co/brfpiFVjBj"
176,2021-02-19 23:59:29+00:00,1362914735851626502,"""Allura's Affection and Pidge's Perfection""
While Allura takes pride in everything she has to offer, Pidge is more humble and is willing to wait to show off the secret power of her thick baggy sweater! 

Artist: @NSFAni_art 
Colorist: @MrSwindle94 
#SwindleColors https://t.co/7d9yR5BTeh"
177,2021-02-19 23:59:29+00:00,1362914735209934856,"@TonyLastro Yo major salute to you, can't be easy delivering in all that snow."
178,2021-02-19 23:59:29+00:00,1362914734933241861,"No plumber to the broken pipe today.  Took more pictures for neighbor.  Maybe tomorrow. 

I got my snow for flushing. I got drinking water that should get me through Monday."
179,2021-02-19 23:59:29+00:00,1362914734899535874,Hereâ€™s my melted snow https://t.co/e61tOacNOz https://t.co/V92qwB9s7O
180,2021-02-19 23:59:28+00:00,1362914731820871682,"å°èª¬ã«ãªã‚‹ã¨æ™®é€šã«ä¼šè©±æ–‡ãŒæ¨™æº–èªã«ãªã‚‹ã®ãªã‚“ã§ã‚„ã‚ã†ãªã

å®¶æ—ã‚„å‹é”ã¨ä¼šè©±ã—ã¨ã‚‹ã¨ãã«ã¯ã€æ–¹è¨€ã§ã¨ã‚‹ã‚“ã‚„ã‘ã©â€¦"
181,2021-02-19 23:59:28+00:00,1362914730373906434,"Day six, their plan is still â€œbuy water yourself, weâ€™re still trying to decide what to doâ€ https://t.co/pX6lnBJkIx"
182,2021-02-19 23:59:27+00:00,1362914728348123137,@SSnakeFHL Tiene mucho carisma.
183,2021-02-19 23:59:27+00:00,1362914726712274944,Saturday smoko has relocated to the wet weather venue https://t.co/UrlBFg2kx0
184,2021-02-19 23:59:26+00:00,1362914725596520455,Anyone remember when Enron tried to trade the weather? https://t.co/U8Qzd6dAU9
185,2021-02-19 23:59:26+00:00,1362914724569116675,Estoy viendo de nuevo Yuri on ice ğŸ˜‹
186,2021-02-19 23:59:26+00:00,1362914724069990402,@CityOfJxnMS I just dropped off two cases of water...I'm really feeling bad for some of these senior citizens apartments.. some are still without lights and water and no way to get it!!!
187,2021-02-19 23:59:26+00:00,1362914723767988231,"@ShadyCarrello me either ğŸ¤·ğŸ¼â€â™€ï¸ theyâ€™ve been stuck inside bc of the weather for a week, just got a bit excited and didnâ€™t feel like walking"
188,2021-02-19 23:59:26+00:00,1362914723734380545,grinding streasmtrones to upgrade my ice gunlance to make tempered/arch tremprered teostras easier to grind said streamstrones now that i know them with the back of my hand
189,2021-02-19 23:59:26+00:00,1362914723256283136,This snow fall reminds me of cooking miso soup! â¦@msavoieâ© https://t.co/sy56dcgF3e
190,2021-02-19 23:59:25+00:00,1362914720299114498,"@GovAbbott blames power grid operator for disaster in a futile attempt to shift blame. 

The governor oversees the grid operator, so the buck stops with him &amp; GOP politicians, who are guilty of deadly deriliction of duty &amp; must face severe consequences.
https://t.co/aUDAq3RcM7"
191,2021-02-19 23:59:25+00:00,1362914719544332288,@CamFaeriexo What for my Thigh High Ice princess boots??
192,2021-02-19 23:59:25+00:00,1362914719410102273,"Electricity: out
Water: out
Grocery aisles: out
Propane: out
Gas: out
Ted Cruz: out"
193,2021-02-19 23:59:25+00:00,1362914718877315078,@SCalliss Mum and dad always said sun and salt water is the best thing for you it fixes everything ğŸ‘
194,2021-02-19 23:59:25+00:00,1362914718747418624,Teams are back on the ice and we will have the third here momentarily
195,2021-02-19 23:59:25+00:00,1362914718055342080,"In human production systems we've been able to value the productivity of agriculture and give it a monetary value.  But in the natural systems we haven't been able to value the trees, the biodiversity, the water that's absorbed into the biomass and into the soils. [4/12]"
196,2021-02-19 23:59:24+00:00,1362914717010853888,@komonews ice scraper
197,2021-02-19 23:59:24+00:00,1362914716104986625,"@naomirowan_blog The Midwife Murders, Dead In The Water, starting The Silent Patient when it arrives :)"
198,2021-02-19 23:59:24+00:00,1362914715031252994,"@sugasonlykitten I prey (pray?dang it) for you to get a good new job. This one is terrible ğŸ˜” 
And yeah, thanks God for my weather ğŸ¤£ğŸŒ"
199,2021-02-19 23:59:23+00:00,1362914712355287041,"ive never played worse, can someone tell me why my game will freeze but i can still dance and shit but everything is frozen?"
200,2021-02-19 23:59:23+00:00,1362914711826743297,"The venn diagram of anti maskers, people that donâ€™t clear the ice off their cars, and U2  fans is a perfect circle."
201,2021-02-19 23:59:23+00:00,1362914710614659077,Drive way cleared ğŸ¥³. Road is still packed tho lol. Thankful my power never went out! https://t.co/U5ryvAs6Wm
202,2021-02-19 23:59:22+00:00,1362914708551045125,"these jerseys really pop on ice, wish CHiT would have worn their reds"
203,2021-02-19 23:59:22+00:00,1362914707728982023,"@XxJimmyKillxX @Slasher I mean the record label owns the music rights so itâ€™s more the state of the music industry than the band themselves, though theyâ€™d definitely have the power to shape things youâ€™d think with how mammoth they are."
204,2021-02-19 23:59:22+00:00,1362914707716325378,@cinnamoncorpse we use a âœ¨microwaveâœ¨ or just get hot water from the sink
205,2021-02-19 23:59:22+00:00,1362914707502366722,"@Da_iCE_SOTA æƒ³å¤ªãã‚“ã®æ°—æŒã¡ãŒå¬‰ã—ã‹ã£ãŸã‚ˆğŸ˜Œ
ç„¡èŒ¶ã¶ã‚Šã ã£ãŸã‹ã‚‚ã—ã‚Œãªã„ã‘ã©ã€æ­Œã£ã¦ãã‚Œã¦ã‚ã‚ŠãŒã¨ã†ã ã‚ˆğŸŒˆ"
206,2021-02-19 23:59:22+00:00,1362914707011555328,If @laurenboebert â€˜s brain was a gun it would be a dollar store water pistol ğŸ”« with that little tab pulled out.
207,2021-02-19 23:59:22+00:00,1362914706999050242,"The world is changing.

Weâ€™re already having to look at so many things many of us were blessed to ignore.

Do we know how to live without power? Clean water? Clean air? Even just for a week or two?

Are we in an anomaly or the new normal?

https://t.co/w3c10oMxmt"
208,2021-02-19 23:59:22+00:00,1362914706848178176,"Increible  que el  dance practice de ice cream en ZEPETO alcanzo los 100M siendo el unico en lograrlo! Desp no quierar el impacto de bp que hasta un video animado tiene mas vistas que algunos mv ğŸ¤©
@BLACKPINK"
209,2021-02-19 23:59:22+00:00,1362914706399240194,Yup my bill isn't on the same planet as some of these cases but I didn't have power for 3 days and somehow my bill went up by 20 bucks its a fucking joke #EatTheRich https://t.co/BZ7omAqP2d
210,2021-02-19 23:59:22+00:00,1362914706390802433,"Snow Man 5ä½
Grandeur çµ‚ã‚ã£ã¦ã—ã¾ã£ãŸã‹ã‚‰ã‹ãªï¼Ÿ"
211,2021-02-19 23:59:22+00:00,1362914706017542145,Todayâ€™s weather is great
212,2021-02-19 23:59:21+00:00,1362914702796365825,Blackout https://t.co/9gLNfx94Nc
213,2021-02-19 23:59:21+00:00,1362914702704082945,There are few phenomena more sinister than black ice. There oughta be a horror movie with that title. https://t.co/ucdu80de80
214,2021-02-19 23:59:21+00:00,1362914702540562438,"to blame everyone but the person responsible. YOU!
No one owes you. The government will not take care of you. It's not their job. Handouts have produced a weak generation that has no heart, no will power, no training, worthless education,  and is always looking for someone to"
215,2021-02-19 23:59:20+00:00,1362914700036481025,power is back. LIT. âš¡ï¸âš¡ï¸âš¡ï¸
216,2021-02-19 23:59:20+00:00,1362914699852013568,He should just tell Hunter that the snow is cocaine. He'll snort it all up in a few seconds. https://t.co/0fLAfvOzq4
217,2021-02-19 23:59:20+00:00,1362914699164061696,@PrettyMill1 The power of Love!  Happy Birthday!
218,2021-02-19 23:59:20+00:00,1362914698975322114,"Had one casualty to the freeze, hardware stores were cleaned out so I made due. I consider myself lucky, so many others have it so much worse and I pray for them. #GodBless #TexasStrong https://t.co/Cwg62VMM4f"
219,2021-02-19 23:59:20+00:00,1362914698820268035,@davidmweissman Much better now. Power on and snow is melting.
220,2021-02-19 23:59:20+00:00,1362914698560176130,"@TorquayNetwork @GraceAnne_kelly @StephenKPByrne Wow, that's a stretch. The Nazis were about power and supremacy for the strongest. Surely our current situation sees us trying to support the weakest and most vulnerable and trying to engender an empathetic wish in our children to care for &amp; invest in a safe egalitarian society?"
221,2021-02-19 23:59:20+00:00,1362914698455379969,"I didn't prepare for the winter storm. I didn't conserve food or water. I didn't prepare for power outages. MUST BE SOMEONE ELSE'S FAULT. 
GIMME A BREAK 
You should be taking this time to develop some discipline and survival skills instead of finding fault with people and trying"
222,2021-02-19 23:59:20+00:00,1362914697591332872,@MICKYD0LENZ power stance
223,2021-02-19 23:59:20+00:00,1362914697016713216,@msandreacamille YAYYYY I love that!!
224,2021-02-19 23:59:19+00:00,1362914696299356164,@MysterySolvent Eating yellow snow
225,2021-02-19 23:59:19+00:00,1362914695926214658,love when i build a pretty house on minecraft and start making a story for the ones who live in it &lt;3 i made them a fresh water source and outside fire(i believe the house to be a off grid winter home)
226,2021-02-19 23:59:19+00:00,1362914695372558341,@Martina And he lied about it at every turn! And what about his dog being left to freeze?
227,2021-02-19 23:59:19+00:00,1362914694772711425,@BrielleNY_ member when u n ya mom was walking in the snow n she fell n u cried cuz u was mad she embarrassed you
228,2021-02-19 23:59:19+00:00,1362914694739165187,"Overwatch 2 looking super good, but they revealed a lot less than I was hoping tbh"
229,2021-02-19 23:59:19+00:00,1362914694282022915,Power of prenup
230,2021-02-19 23:59:19+00:00,1362914694210547712,"@Snow__d ã´ã´ã¡ã‚ƒã‚“ã¨å‘¼ã°ã›ã¦ã„ãŸã ãã¾ã™ï¼ï¼
ã‚‚ã—è‰¯ã‹ã£ãŸã‚‰ã‚¿ãƒ¡å£ã§è©±ã—ã¾ã›ã‚“ã‹ï¼Ÿ"
231,2021-02-19 23:59:19+00:00,1362914692717416449,@water_ningen é©å½“ã«LINEã—ãªãƒ¼
232,2021-02-19 23:59:18+00:00,1362914692038066178,"Brian Cox and any other phd's that wishes to way in here-, has anybody considered the notion that our water (world wide), all the oceans, all the drinking water, EVERYTHING. That it could of come from another Planet? 
Not just any Planet, Thea!"
233,2021-02-19 23:59:18+00:00,1362914691601862658,SNOW IS MELTING SO COME WATCH ME MELT SOME HEADS IN SOME REBIRTH RESURGENCE #TWITCH #TwitchAffiliate #WARZONE  #SUPPORTSMALLSTREAMERS #SUPPORTSMALLSTREAMS https://t.co/20i5cX4YqJ
234,2021-02-19 23:59:18+00:00,1362914691236954113,But Who Else Will I Eat Ice Cream With?... https://t.co/eIVKRJSVlQ
235,2021-02-19 23:59:18+00:00,1362914690549116932,"I also wouldnâ€™t go there, Escanor at full power is literally the sun, he can release an attack about as hot as the core of the sun which would melt broly, and to destroy a full power Escanor youâ€™d have to unleash an attack strong enough to blow up the sun itself 

â¬‡ï¸ https://t.co/lsv4MQq4je"
236,2021-02-19 23:59:18+00:00,1362914689924104194,"Luxury properties for Nigerians in Diaspora
Mortgages and Spread payments available
from as little as N3.3mill/Â£6.6K/$9K
24hr light/24hr security patrol/treated water/street lighting
call WhatsApp: +44 7956 168 784/+234 808 085 6091/+1 770 363 0075
https://t.co/P2P6JoG5H8 #lagos https://t.co/xq3QP2FqV1"
237,2021-02-19 23:59:18+00:00,1362914689383022595,Snow Fall returns in a week omg lemme go get my aht fit ready cus TUH!
238,2021-02-19 23:59:18+00:00,1362914687977947136,"Joel Skousen: Federal Restrictions Behind Texas Power Grid Failure 

#TexasPowerOutages
https://t.co/PfohETp33g"
239,2021-02-19 23:59:17+00:00,1362914687176769538,@HolyYuriMother wait is A Tropical Fish Yearns for Snow Yuri? I thought it's subtext?
240,2021-02-19 23:59:17+00:00,1362914686610464769,"Some friends left our house after regaining power. If anyone still needs a warm place to stay with (weak) water, let me know! Iâ€™m back in town and can come scoop ya. #TexasStrong"
241,2021-02-19 23:59:17+00:00,1362914686447017984,"HomePod mini Gets Support for 18W Power Adapters Through 14.3 Software Update, Users Report - Gadget Informer @ https://t.co/tHOUHHzb3M https://t.co/EaCojGCDLS"
242,2021-02-19 23:59:17+00:00,1362914686329520129,"@markdrgan hi have a nice day, don't forget to drink a lot of water!"
243,2021-02-19 23:59:17+00:00,1362914685536907264,"@ruuemcrae *spits water out*
W-WHAT"
244,2021-02-19 23:59:17+00:00,1362914685394190337,"@ashahi26_SN ã—ã‹ã‚‚å£°å„ªãŒæ«»äº•ã•ã‚“ãªã®ã‚‚ãƒ¤ãƒã„ã‚ˆã­ğŸ¥ºğŸ’•
ãã†ã ã‚ˆã­ï¼
ã‚¢ãƒ‹ãƒ¡ã¯æ¼«ç”»ã¨é•ã£ã¦å£°ã¨ã‹å‹•ããŒå…¥ã‚‹ã‹ã‚‰ã¾ãŸé•ã£ãŸæ„Ÿã˜ã«è¦‹ã‚Œã¦æ¥½ã—ã„ã‚ˆã­ï¼ï¼
4æœˆã®æ”¾é€ãŒå¾…ã¡é ã—ã„ã­ãƒ¼ï¼ğŸ˜†"
245,2021-02-19 23:59:17+00:00,1362914684513488903,All my exes have no power and are dealing with burst water pipes.
246,2021-02-19 23:59:16+00:00,1362914683519442944,"Essentia is the best bottled water. Donâ€™t @ me, skonka."
247,2021-02-19 23:59:16+00:00,1362914682693017601,ESTOY ESCUCHANDO SNOW FLOWER COMO Q YA LLEGAMOS
248,2021-02-19 23:59:16+00:00,1362914682571526144,"@MinivanAdv @MoviesMoveUs Scott here! Blogger of @MoviesMoveUs and cohost! I am from Anderson, IN. Read in the newspaper that we got 16 inches of snow just this month!!! Whoa. Great night to stay in for a movie. ğŸ˜"
249,2021-02-19 23:59:16+00:00,1362914682231791621,"@Lithunium_Snow If anyone is wondering, worth it!"
250,2021-02-19 23:59:16+00:00,1362914681837395968,@siopaojang2197 Asa lock in shoot din daw ako with them. Hahaha. Feelingera ako kahit sa panaginip. Hahaha. Pangarap ko na talaga maging kasama sa production team nila. Hahaha. Kahit water girl.
251,2021-02-19 23:59:15+00:00,1362914679316701187,"@tedcruz Beto made 300,000 calls to seniors to see what they need. He sends food and water to those in need and he brings some to heated shelters. AOC has raised 2 million in 2 days to send to the shelters and food pantries. C'mon Ted, don't be so shy. Share with all of us what you did."
252,2021-02-19 23:59:15+00:00,1362914678163181572,"Not going to be delivering any content this week, due to still not really having stable internet and no water. Just trying to ease back into life, but I'll be back as soon as I can."
253,2021-02-19 23:59:15+00:00,1362914676804227072,"Thankful to not have to go out in the weather today.  Making the best of a snowy day. Prayers for the parts of the country hit with the severe weather.
#Winter2021 https://t.co/PrpXREOG4Z"
254,2021-02-19 23:59:15+00:00,1362914676737265664,"@JimDavisPhilly @sexy_robotnik @beans_n_bops @nice_learning @sansculottestoo @BobooTobian @yagigote @IBeetman @Christie_Malry @a_bonarlaw @velma_fan @phuketamine @EGattignolo @Starscape14 @JBonniego @make_it_snow @achtung_maybe @TheClickPit @FalklandsWars @Jimmy_z_loser @BillEllson @TerryNPirates @Jockamo13 @GillAmbrose2 @hidIive @IDroveABMW @WillowVane @ProudRepubUSA1 @jarheadbinks @Skrrt__Vonnegut @ChrisTweetsLLC @forpush @TheSuperTagCrew @scrueggs @brandocalriss11 @Genki_Slime @pazsalamshaanti @posting @Patriotgamer45 @ANorhawitz @the_antrik @Jacobkeeler5 @tedcruz @irishgal53 @DropDeadFred_10 @solidarity1986 Oh, yeah there we go."
255,2021-02-19 23:59:15+00:00,1362914675424387073,@bamanal1_l Ù…Ø§ÙÙŠÙ‡ Ø£Ù„ÙˆØ§Ù† Ø«Ø§Ù†ÙŠÙ‡
256,2021-02-19 23:59:14+00:00,1362914674216419328,"The recalled snow blowers were sold at Home Depot, Ace Hardware and other Toro dealers from November 2020 through January 2021. https://t.co/kNUEYDCZut"
257,2021-02-19 23:59:14+00:00,1362914672790417416,Snow cuties! https://t.co/n3d6IckvZp
258,2021-02-19 23:59:14+00:00,1362914672756682757,"Aoko: â€œKaito, why are you so cold to me like ice cream?â€ Kaitou: â€œBut ice cream is sweet.â€"
259,2021-02-19 23:59:14+00:00,1362914672400355330,"@lisarinna Someone needs a glass of water. Oh, right, thatâ€™s dinner!"
260,2021-02-19 23:59:14+00:00,1362914671318114307,Ice cream fixes everything. Even the problems that arenâ€™t there
261,2021-02-19 23:59:13+00:00,1362914670445789184,"I mean, really...
Cue server dialogue: â€œGood (time of day) Mr. President. Would you like your Diet Coke with or without ice?â€
https://t.co/pikrTx6GAe"
262,2021-02-19 23:59:13+00:00,1362914670374318080,"@ConnieSchultz Yes, looks like he did. If the house was freezing, what happened to his pup's water bowl?"
263,2021-02-19 23:59:13+00:00,1362914670261207042,@lavhish Okay I was worried for your skin then ğŸ˜­But dont try to drink lots of water in one go just have a cup every hour ygm and try squash if you donâ€™t like the taste
264,2021-02-19 23:59:13+00:00,1362914669216882688,@rapazteq @FaresDJoestar @laiteau01 @KyoKujo_ @theomcx A bon ? Aucune technique dÃ©jÃ  dragon ball c 42 tomes et tous nos hÃ©ros ont eu des power up grÃ¢ce Ã  de l'entraÃ®nement et de nouvelles techniques comme le kienzan pour krilin le kamehameha pour goku le kaioken le genkidama le final flash la fusion metamol
265,2021-02-19 23:59:13+00:00,1362914668776423425,Effect of laser power on conductivity and morphology of silver nanoparticle thin films prepared by a laser assisted electrospray deposition method https://t.co/zP29TT5N2i via @AIP_Publishing https://t.co/rICw3KMCMW
266,2021-02-19 23:59:13+00:00,1362914668357046276,@shelfemployed @Target @kingarthurflour Nice! I'm on the fence about a garden this year. I thought quarantine would benefit me growing 2x/what I usually plant but nothing produced. Covered in about a foot of snow so I have time but not sure yet how much I want to commit.
267,2021-02-19 23:59:13+00:00,1362914667513929735,"@feistywolfism -there above the sink. Her hand still wrapped in his, he draped his arms around her torso and grinned as they looked out together upon the blanket of snow that covered the lawn and garden in the distance. There were a few concrete statues, one-"
268,2021-02-19 23:59:13+00:00,1362914667224563717,@justinkittle @TheKendallBaker Snow tyres... courtesy of Cruz.
269,2021-02-19 23:59:12+00:00,1362914666771451906,"@Power_Doctrine 47åº¦ï¼
åŸé…’ã‚‚é«˜ã‚ã«ã‚«ãƒƒãƒˆã—ã¦ã‚‹æ„Ÿã˜ã§ã™ã­ãƒ¼
ã¡ã¨é£²ã‚“ã§ã¿ãŸã„â€¦"
270,2021-02-19 23:59:12+00:00,1362914665496412163,"I work at a gym, but itâ€™s closed right now because itâ€™s considered nonessential, working on your health is considered nonessential, but fucking Baskin Robbins is open. How the fuck is ice cream essential LOL ğŸ˜‚"
271,2021-02-19 23:59:12+00:00,1362914665492193280,Can someone tell me how I got sunburn today from a 15 minute walk? Just kidding I know it was probably from the sun reflecting off of the snow and making it worse but still. Wow wow wow!
272,2021-02-19 23:59:12+00:00,1362914663155986439,@peachylilbitxh @milliesbestie not me thinking club soda and sparkling water were two different drinksğŸ˜­ğŸ˜­
273,2021-02-19 23:59:12+00:00,1362914663093194757,"@TabbiStreng @LynnBry29527024 @latelordchatham This is Blue, as in the Australian country song ""He was black and brown so I called him Blue"" For him happiness is a trampoline covered in snow. https://t.co/wTntrUzeTO"
274,2021-02-19 23:59:12+00:00,1362914662954770433,@davidmweissman Still kickin... We were lucky. Never lost power and water is all good so far... Still thawing out.
275,2021-02-19 23:59:11+00:00,1362914662350614529,And leaving a tiny dog home alone to freeze in the dark https://t.co/Zi6wiXgfJG
276,2021-02-19 23:59:11+00:00,1362914661222543360,Jps cut off me light naah nuh water inna the pipe
277,2021-02-19 23:59:11+00:00,1362914660928925696,@AW_USA @cryptoqman True but wow we would need some power of influencers ğŸ˜‚ğŸ˜‚
278,2021-02-19 23:59:11+00:00,1362914660203319299,Ready for some spring weather....
279,2021-02-19 23:59:10+00:00,1362914658005356544,@sammajammaz Are they afraid of still water because of predators as well? Just something I always assumed
280,2021-02-19 23:59:10+00:00,1362914657611116545,@miki_ice_pon æ—©èµ·ããƒ¼ï¼
281,2021-02-19 23:59:10+00:00,1362914657200205824,Look at the power Jeffree holds ğŸ¤© https://t.co/B9Qqdd0YeP
282,2021-02-19 23:59:10+00:00,1362914655899770880,"if you hate power, why do you hate fun"
283,2021-02-19 23:59:10+00:00,1362914655518089216,"Above the Standard Power: The Right Knowledge Activated is Power!
 
Join us, alongside the thousands of global clients and partners, accomplishing greater results and revenues!
 
https://t.co/DGv1PBzu8X
 
For more information about how we increase profitsâ€¦https://t.co/6WD5ozxBDk"
284,2021-02-19 23:59:10+00:00,1362914655035920385,"@pickle_water I find some doozies in my travels, marvel for a moment and put them back where they were."
285,2021-02-19 23:59:10+00:00,1362914654968832000,"Ironically, I would do just about anything for a box of freezer ice pops right about now. ğŸ˜…ğŸ˜‹ https://t.co/4QyRS4e04o"
286,2021-02-19 23:59:10+00:00,1362914654935281677,"@drunkenny1 I have. Many of my coworkers have. Iâ€™m a healthcare worker. Many cities/states are prioritizing vaccines by availability and age/comorbidities of the patient. Look for information from local hospitals, clinics, pharmacies, and city/state health departments. Call a hotline."
287,2021-02-19 23:59:10+00:00,1362914654750728195,I LOVE to see the kids out on the ice! https://t.co/3FIzI3oCU9
288,2021-02-19 23:59:09+00:00,1362914654414983168,"Let's close the week with some clarity. 

The natural gas system, not renewables, was the main cause of the close calls that could have led to power outages in CO last weekend. https://t.co/foKjjFjvK3"
289,2021-02-19 23:59:09+00:00,1362914654075441156,"@davidmweissman I just upset he left his poodle to freeze, other than that, he's worthless anyway"
290,2021-02-19 23:59:09+00:00,1362914653681065985,"@BrianRoemmele @ericswerdlin Pity Isaac focused on alchemy- making gold- it took Satoshi to create something more valuable than gold, more secure, more fungible - and with the power of the network."
291,2021-02-19 23:59:09+00:00,1362914652913426433,.@ArlingtonWater lab staff started the clock at 4 PM Friday on samples that will determine when the boil order ends. Results will be available Saturday AM. Crews also fixed breaks on public water mains as the system came back to full water pressure. â¡ï¸ https://t.co/q92tDN3sBT https://t.co/vVXbrUXfXh
292,2021-02-19 23:59:09+00:00,1362914651613392896,Another snow storm monday? Get me the fuck out of here.
293,2021-02-19 23:59:08+00:00,1362914650145325062,@statsboye IKEA power?!
294,2021-02-19 23:59:08+00:00,1362914650145218564,@Hirachan_freeze å‹•ã‘ã‚‹é§ï¼ï¼ã‹ã£ã“ã„ã„ï¼ï¼
295,2021-02-19 23:59:08+00:00,1362914648450879494,"@thedawnofmay Listening to your music this evening as the snow falls, it's a beautiful combination ğŸ’™ https://t.co/E1Ny18ibY7"
296,2021-02-19 23:59:08+00:00,1362914647800762373,@joshw036 I think putting your water in the microwave is the most sanitary thing to do. Plus it doesnâ€™t have all the extra calories from the kettle x
297,2021-02-19 23:59:08+00:00,1362914647595130881,"@kodawari_knk55 çµ¶å¯¾é¢ç™½ã„ã­ğŸ¥°æ¯å›ãƒ‰ãƒ©ãƒç­ä»¥å¤–ã®ãƒ¡ãƒ³ãƒãƒ¼ã‚‚ã‚²ã‚¹ãƒˆå‡ºæ¼”ã—ã¦ã‚‚ã‚‰ã£ã¦ğŸ™ğŸ’•
ã‚·ãƒŠãƒ¢ãƒ³ãã‚…ã£ã¦ã—ãŸã‚‰æ°—æŒã¡è‰¯ã•ãã†ğŸ˜‡â†
ã‚ã‚“ãªäººæ°—è€…ãŒå«Œã‚ã‚Œã‚‹ãªã‚“ã¦wwwç§ã¯ãƒ•ã‚·ã‚®ãƒ€ãƒãŒå¥½ãğŸŒ±(èã„ã¦ãªã„)
ãã†ã ã­ğŸ¥³ã‚€ã—ã‚ã‚¯ãƒ¬ãƒ¼ãƒ³ã‚²ãƒ¼ãƒ ãŸãã•ã‚“å‡ºæ¥ã‚‹ã‹ã‚‰è‰¯ã‹ã£ãŸã­ã€ãµã£ã‹ğŸ’œâ†"
298,2021-02-19 23:59:08+00:00,1362914647435788288,@artsyboy1985 He has a lot of power now because the senate is so close
299,2021-02-19 23:59:08+00:00,1362914647406428160,"@GothiccMare It did not take the bun long to shower , about 6 minutes exact.

He was small. His body was much easier to wash than most people. It helped on saving water! 

Walking down those stairs with a little sniff Texi took in the smell.

â Woah -- â"
300,2021-02-19 23:59:08+00:00,1362914647075127305,u know when u eat wasabi n ur nose feels like it's on fire ......or when ure showering n u accidentally inhale water....yeah. my poor nose ğŸ˜­ it hurts sm ğŸ˜­ğŸ˜­ğŸ˜­ğŸ˜­ğŸ˜­
301,2021-02-19 23:59:08+00:00,1362914646697648132,"Here is the latest cloud and rain forecast from our HARMONIE weather model. It covers the period from now  until 00:00 on Monday.â˜”ï¸ğŸŒ§ï¸
 
More weather forecast information for the coming days and outlook period can be found here: ğŸ‘‰https://t.co/9gKN6SVok4 https://t.co/qxMsAF6GaG"
302,2021-02-19 23:59:07+00:00,1362914644868943880,gonna go sit by the ocean by myself tomorrow &amp; jus watch &amp; listen to the water
303,2021-02-19 23:59:07+00:00,1362914643610456064,@whizkidyoongi thin ice jewel
304,2021-02-19 23:59:07+00:00,1362914643497336832,@Yoo_LITEBright_ ğŸ˜‚Yk I hate cold water
305,2021-02-19 23:59:07+00:00,1362914643342200833,Astonishing day on the trails. Brilliant sunshine and a touch of Maplelag Magic. Snow much easier to condition when grooming thanks to warmer temps. A spectacular weekend of winter play on tap! Enjoy! #justski #MaplelagMagic https://t.co/vIZN5B7reQ
306,2021-02-19 23:59:07+00:00,1362914642863919107,@gibagul Did you know that fracking causes brain damage and flammable water
307,2021-02-19 23:59:07+00:00,1362914642603876352,"""Going to school"", as in attending an education program *outside of the home* for the greater part of the work week is the norm for 97% of US families! Government asserts the power to compel families to send their kids *to school* via truancy laws. @ENBrown"
308,2021-02-19 23:59:06+00:00,1362914641119219712,ice lolly https://t.co/KuTolf1RGk
309,2021-02-19 23:59:06+00:00,1362914640322326528,My power just flickered again...if this shit goes back off
310,2021-02-19 23:59:06+00:00,1362914639709827075,@TheFlyingHouse @garfxist â€œLol get off pentagonâ€™s cock. Whatever thoughts you think you have about the matter were imprinted on you by ever present pro-military soft power propaganda of the empire. Guess who global bourgeois want protected considering they do majority of trade with them? lmaoâ€ https://t.co/7joURiNZAo
311,2021-02-19 23:59:06+00:00,1362914639277936642,@pufornani driving thru the snow ğŸ˜­
312,2021-02-19 23:59:06+00:00,1362914639185666052,@furlyruggs @AOC @LeslieMarshall @LaCongresista No that is my point green energy will never provide a 100% reliable energy source and that is exactly what I said so factually I am correct except the impression on Green power causing the power outage it was just a 33% of it
313,2021-02-19 23:59:06+00:00,1362914637956718599,"it hit me the power of this song
im impressed i can say https://t.co/IGskseesGj"
314,2021-02-19 23:59:05+00:00,1362914637419745282,"@ul_wooloo ç´ æ•µã§ã™ã€‚
ç›´å¾„70ã‚»ãƒ³ãƒï½¥ï½¥ï½¥å¤§ããªãŠèŠ±ãªã‚“ã§ã™ã­(*â€¢Ì€á´—â€¢Ì*)Ùˆ Ì‘Ì‘
ã§ã‚‚å‡„ãç¶ºéº—ã§ã™(â‰§â–½â‰¦)"
315,2021-02-19 23:59:05+00:00,1362914636002189323,Daily rain report for my station at 11:59 pm: Daily Rain: 0.00. Max rain rate: 0.00 at N/A
316,2021-02-19 23:59:05+00:00,1362914635800842242,"@PONYTAILISMS He looked down at her phone in front of her, pressing the power button to check the time

â€œAnd I amâ€” done for today.â€"
317,2021-02-19 23:59:05+00:00,1362914635347685376,"Aruji-sama gave me this ""electric kettle"" from their time. It boils water so quickly, how convenient!"
318,2021-02-19 23:59:05+00:00,1362914635238711299,"factory Outlet. We have more than 40 models and 40 colors can be customized. We provide 1500W, 2000W, 3000W motor power and 60V12AH, 60V20AH, 60V30AH, 60V45AH and other different types of batteries. Customer logo and brand can be customized. whatsapp: +86 13819980311 https://t.co/TutGr90xif"
319,2021-02-19 23:59:05+00:00,1362914634114551814,"@WBrettWilson These clowns in power refuse to answer questions, just a game of deflection. What a sad state of affairs."
320,2021-02-19 23:59:04+00:00,1362914632273379329,"Nearly half of Texans remain under boil-water advisories as broken pipes wreak havoc

https://t.co/O02nKg3HbJ"
321,2021-02-19 23:59:04+00:00,1362914632210534403,@Conte_Locatelli @Coralinyy @twocarecaman muito drip nessa conversa. muito ice. muito hype. estou congelando.
322,2021-02-19 23:59:04+00:00,1362914631476408323,"The #brumous weather dragged on into March. Grey mist gathered on the river and wafted on the walkways. People hunched like turtles inside their wooly scarves. The cold wind always found the hole in my jacket and shivered its way to my heart. 
 #MusePrompt"
323,2021-02-19 23:59:04+00:00,1362914630314708992,Wish OK had online sports gambling yet so I can cash in when @Thebeast_ufc catches @RazorBlaydes265 with that H-Town Power and puts him out tomorrow night. Insulting odds. Curtis is no DC and it only takes one. #UFCVegas19
324,2021-02-19 23:59:04+00:00,1362914629257584642,"@scotthill222 @jameswhelan42 Pretty much. Remember the Z dimension tho- gains can be sustained if the nation tolerates inequality, which in my opinion is likely - the asset price distortions misallocate capital, the debt load and land gains will crush wage growth, purchasing power xfer from wages to capital."
325,2021-02-19 23:59:03+00:00,1362914628074938378,@JamieToal27 Ye joking man fkn water disappeared when a sat down ğŸ˜‚
326,2021-02-19 23:59:03+00:00,1362914627760369664,"@The_Leftie @tedcruz @radiohead Leftie! Do you have power? 

I feel bad for everyone down your way and for Ted Cruzâ€™s dog!"
327,2021-02-19 23:59:03+00:00,1362914626799771648,"ã€Œé€ åé›†å›£ãŒèã„ã¦å‘†ã‚Œã‚‹â€¦ç¨šæ‹™ãªãƒˆãƒ©ãƒƒãƒ—ã«å¼•ã£æ›ã‹ã‚‹ãªã©ãƒã‚ºãƒŸä»¥ä¸‹ã§ã™ã­
ã€â€¦â€¦
ã€Œç¤¾é•·ã®å‘½ã§ã™ã®ã§â€¦ã“ã‚Œã‚ˆã‚Šå…ˆã€å‹æ‰‹ã«å‹•ã‹ãªã„ã§ãã ã•ã„

é•ã†ãªã€ä¸»ä»»ãŒå–‹ã‚Šã™ãã¦ã„ã‚‹â€¦ã€‚"
328,2021-02-19 23:59:03+00:00,1362914626640302082,This weather really messing with my body and I donâ€™t like it.
329,2021-02-19 23:59:03+00:00,1362914626552426499,My folks said Iâ€™m a noodle for never watching power or snowfall I said I didnâ€™t have to everybody on my TL kept me posted ğŸ˜‚ğŸ˜‚ğŸ˜‚
330,2021-02-19 23:59:03+00:00,1362914625059237889,@02mxx_ That sand lowkey looks tasty...dense blocks...clean layer between the snow and the ice
331,2021-02-19 23:59:02+00:00,1362914624937451523,"@maimai_snow_9 ã¾ã„ã¡ã‚ƒã‚“ã€ãŠã¯ã‚ˆã†â™¡
ä»²é–“ã¯ãšã‚Œã«ã•ã‚ŒãŸã‚‰æ³£ãğŸ˜¢"
332,2021-02-19 23:59:02+00:00,1362914623423270916,"@winter_snow_120 ãŠã‰ã‚“???åŸè³ªå–ã‚‰ã‚ŒãŸã??
ã‚„ã‚‹ãªã‚‰è²·ã„ç›´ã—ã‹ã‚‰(å½¢ãŒæ°—ã«å…¥ã‚‰ãªã„â†)"
333,2021-02-19 23:59:02+00:00,1362914623343714304,@BredGarlicHouse Is it more centralized than ETH though? What makes you say that? Looks fine to me 21 validators with equal voting power seems good
334,2021-02-19 23:59:02+00:00,1362914623159205888,@idahohioan Itâ€™s the sound of running water. Youâ€™re programmed.
335,2021-02-19 23:59:02+00:00,1362914621083054084,"Weather for the last hour at #HortonPark, #Epsom, ending at 23:59. Temperature: 11.57Â°C,  Wind: 6.17m/s @ 190Â°N, Humidity: 76%, Rain: not raining (mm), Pressure: 1008 hPa. It is currently broken clouds."
336,2021-02-19 23:59:02+00:00,1362914621074640898,11:59 PM Spalding LincolnshireCurrent Temp 10.4Â°CFeels Like: 10.2Â°CHigh: 11.0Â°CLow: 2.8Â°CRain Today:   0.0mmDry#weather #spalding
337,2021-02-19 23:59:01+00:00,1362914620802035712,Weather: Temp 11.0Â°C (Min 4.4Â°/Max 11.6Â°) Feels like 9.3Â° Dew 9.7Â° / 92% (Min 84%) Indoor 19.9Â° Wind 8.4mph SSE (Max 29.0   S) Rain 2.2mm Barom 1003.0mb (Steady) UV 0.0 (Max 0.9)
338,2021-02-19 23:59:01+00:00,1362914620688670720,@UPWia0kQCH8PBVY æœã‹ã‚‰å¯æ„›ã„ã£ã¦è¨€ã‚ã‚Œã¦ã‚‹ã‚“ã‚‹ã‚“ï½ã£ï¼ï¼âœ¨ã‚ã‚ŠãŒã¡ã‚‡ğŸ¤
339,2021-02-19 23:59:01+00:00,1362914617866014726,"ğŸ“… 19/02: ğŸŒ¡Hi:9.3c@2:32pm, Lo:2.9c@12:13am Gust:44mph #weather https://t.co/lrssfzV2Es"
340,2021-02-19 23:59:01+00:00,1362914617807171586,"A few days ago I tweeted about #Facebook got a few negative replies criticizing the platform as full of hate &amp; misinformation. Understandable yes, FB is not without fault. I was talking about the power of connection, as a #SocialMedia practitioner I consume content daily."
341,2021-02-19 23:59:01+00:00,1362914617735929858,"I will say, this boiled water taste phenomenal"
342,2021-02-19 23:59:01+00:00,1362914617333178368,ã‚µãƒã‚¹ãã‚“ã‹ã‚ã„ãã†â€¦
343,2021-02-19 23:59:01+00:00,1362914617312174084,"@AnandableAnand Sir, what do you think about CG power after tube investment buying? General view..."
344,2021-02-19 23:59:01+00:00,1362914616712560640,Im going to buy some tonic water then get drunk alone in my apartment
345,2021-02-19 23:59:00+00:00,1362914616393654274,Silver lining: All it took was 5 days without power in a blizzard to make Luna a lap cat
346,2021-02-19 23:59:00+00:00,1362914615944863748,"@sn_fukapan ğŸ¼ã‚ˆã£ã¡ã‚ƒã‚“
ğŸ¼åµã®æ¾æœ¬æ½¤ãã‚“ã¨Snow Manã®
å®®èˆ˜æ¶¼å¤ªãã‚“ã§ã™ï¼
ğŸ¼6æœˆ25æ—¥ã§ã™
ğŸ¼æ±åŒ—ä½ã¿
ğŸ¼ä»²è‰¯ãã—ãŸã„ã§ã™ï¼"
347,2021-02-19 23:59:00+00:00,1362914615550763008,@caitoz So True. These two parties coddle greed and power. Fukem!
348,2021-02-19 23:59:00+00:00,1362914615206756357,"NMSU, El Paso Electric partner to power main campus with ...  https://t.co/5WBlvYQiZ3"
349,2021-02-19 23:59:00+00:00,1362914614644727808,@googitonin exorcist ice boy
350,2021-02-19 23:59:00+00:00,1362914614531481601,@MJTorres1230 @MrsT245 I see you are suffering through the weather. https://t.co/9HYWOsgckF
351,2021-02-19 23:59:00+00:00,1362914613457780744,#NASCAR is calling it a wet weather start for tonightâ€™s Truck race on the @DAYTONA road course. That means teams will use wet weather tires before exiting pit road.
352,2021-02-19 23:59:00+00:00,1362914613122260997,Let me start with â€œI love youâ€ &amp; I think we have the power to grow
353,2021-02-19 23:59:00+00:00,1362914612564361217,@SportsNom Regardless of the reason for the shutdowns lots of political figures got their rocks off on the power that came with it
354,2021-02-19 23:58:59+00:00,1362914612111433733,"I won't be able to slightly open your door, to check whether your are covered in cold. If you forgot to take water, bring you a glass of water...and leave it there. It's not the same.

Episode 28 #senÃ§alkapÄ±mÄ±
#EdSer
#HandeErÃ§el
#KeremBÃ¼rsin"
355,2021-02-19 23:58:59+00:00,1362914611184300032,"Forcing people to survive on less than #80aDay is a major indictment of the failure of our political processes, and of those who work in proximity to such levers of power."
356,2021-02-19 23:58:59+00:00,1362914610567782402,"@Texan_Muser I canâ€™t feel my feet. I have NO REASON to complain, we never lost power. The heat couldnâ€™t keep@up at 68 so weâ€™ve had it 64 and 66 all week. A few frozen pipes."
357,2021-02-19 23:58:59+00:00,1362914610114879490,"@SamWeixler @HardFactorMark Sam, what happens when you see a kiddie pool full of water? #Party"
358,2021-02-19 23:58:59+00:00,1362914609036992517,I got to take a shower AND my car still works!! ember survived the ice storm era I LOVE IT HERE!!!!
359,2021-02-19 23:58:59+00:00,1362914608890187779,@f_isback @ICE_Spirit09 @AaoxlI Tu veux que j'envoie les restes des convs?
360,2021-02-19 23:58:59+00:00,1362914608697270275,@CoriBush @EdMarkey So youâ€™re saying poor white neighborhoods will be first to get power?
361,2021-02-19 23:58:59+00:00,1362914608642732042,@jobellerina Ha! When the water gets cold or my fingers start shrivelling!
362,2021-02-19 23:58:58+00:00,1362914606801330177,The shell on parkfield &amp; braker charged someone in my neighborhood $40 for a case of water. Iâ€™m so pissed ğŸ¤¬
363,2021-02-19 23:58:58+00:00,1362914606562349057,@Savekisaan Itâ€™s too cold in here this year and snow isnâ€™t melting unlike last year
364,2021-02-19 23:58:58+00:00,1362914605379518465,Of course the water turns back on right as we book a hotel room
365,2021-02-19 23:58:58+00:00,1362914605362606080,Mirafit M1 Power Rack https://t.co/SDzcXYNWiJ jimibeee
366,2021-02-19 23:58:58+00:00,1362914605329244164,"Men think they are so fucking intelligent and all of my roommates have the worst fucking takes on earth including ""therapists are blood sucking psychopaths who love power"""
367,2021-02-19 23:58:58+00:00,1362914604498706432,@NEK0CH4NN WAIT WHAT?? HEN? HEN!!!
368,2021-02-19 23:58:57+00:00,1362914604024651779,"@coyotetheghost @ringadangdont @ArthurChaps I swear, I love Uncle but after the 18th time hearing ""yOu'Re gOnNa fReEzE yOuR aCoRnS oFf"" *I want to shove him off the Horshoe Overlook cliff***"
369,2021-02-19 23:58:57+00:00,1362914603655651331,"""We're all one step away from insanity!!!!!"" No moron humans are social creatures and will do anything to fit in to a role (especially if that role gives them a feeling of security and power)"
370,2021-02-19 23:58:57+00:00,1362914603357806595,@IrrationalChad Freeze peach basically just a joke about how they actually don't believe what say about free speech
371,2021-02-19 23:58:57+00:00,1362914603022356480,"@hyukascale OOO ALSO i cook some onion first then add the noodles and the sauce which thickens super quick,, adding other veggies is super easy just do onions then add the veggies, put water in the pot then cover to let them steam and cook through, then noodles and sauce"
372,2021-02-19 23:58:57+00:00,1362914602942660608,"@Climatehope2 @Cartoonsbyjosh @MedBennett @BridgetHolmstro @d_e_mol @Barbarajdurkin @SharkSandwhich @TheDisproof @RijpeW @25_cycle @Narvuntien @StormSignalSA @RobMeekel @DawnTJ90 @IBergwiesel @ClimateCatastr3 @RoyPentland @LarryJ50506596 @Tea4gunsSC @HiFiWhiPhi @RogerXMathew @DanLCarroll @no2wind @stockypig @TheRealRolfster @agentsinaction @PaprikaLady @cjtjgeol @0Sundance @thinks_about_it @ReckedRik @jimdtweet @BubbasRanch @riktheozfrog @Dardedar @Bananenrijperij @RustyAway @MikeDel21893959 @Skrued1 @Fauntleroy1934 @DigDougFTW @bluestflame1 @Biggieol6 @HalleVerkehrt @JohnSmi50968113 @AJamesW2 @ttyEngland @Jamz129 @drewman_drew @TyotoRiffle Thought it a well balanced report highlighting what happens when adopting RE to fast, a case of not learning to walk before you can run and too much trust put in relying on energy market to provide backup at lowest cost when faced with extreme weather ğŸ¤”
https://t.co/QdOiUNpgsg"
373,2021-02-19 23:58:57+00:00,1362914602707800064,I know we arent supposed to celebritize polÃ­ticians - however I will say that AOC coming thru like this when it's not even her constituents makes me think AOC is operating beyond politician shit. Like this was just the right damn thing to do esp someone w her power. https://t.co/ZpAtVnr7Jg
374,2021-02-19 23:58:57+00:00,1362914601604636674,@NorahODonnell please post the story of the guy who built the ice rink.   Thank God for people like him
375,2021-02-19 23:58:57+00:00,1362914601441112067,@TraveloreReport Funny you should ask- in a lot of pain today- it always happens after I take a shower. Obviously it doesnâ€™t like water- so painful still- depressing
376,2021-02-19 23:58:57+00:00,1362914600979738624,@PokemonGoApp @NianticLabs  are you gonna make the pokemon challengers in balloons for the people in the south who cant get out because of snow
377,2021-02-19 23:58:57+00:00,1362914600136675330,snow is the most beautiful thing iâ€™ve ever seen
378,2021-02-19 23:58:57+00:00,1362914600136572928,"We are experiencing a delay in our shipment of COVID-19 Vaccines due to weather. This is a statewide issue and there is no tentative date of when they will arrive to our facility.

Information from the CDC if there is a delay on receiving your vaccine: https://t.co/Fczex8oTKJ https://t.co/0nnXdq9GMJ"
379,2021-02-19 23:58:56+00:00,1362914598681251842,Funny when you rise to power it goes from innocent till proven guilty to guilty till proven innocent.
380,2021-02-19 23:58:56+00:00,1362914596986658819,Waiting for @PolarisSnow to drop the 2022â€™s to see if imma snow check or no? ğŸ¤”
381,2021-02-19 23:58:55+00:00,1362914595514421250,"@KXAN_News 78745; Power returns Tuesday night after being out for more than 48 hours; Water out since Tuesday night, and STILL no water as of Friday evening."
382,2021-02-19 23:58:55+00:00,1362914593815867392,"- BECAUSE neighbors made casseroles, shared firewood and water, brought strangers into homes."
383,2021-02-19 23:58:55+00:00,1362914593253642241,@awa_snow_8 ã‚µãƒ ãƒå¯æ„›ã„ã™ã
384,2021-02-19 23:58:55+00:00,1362914592263839744,"I really just wanna get going with games again, fuck this weather. It feels like the end and we are only just beginning because of this weather break"
385,2021-02-19 23:58:55+00:00,1362914591529865216,@snow_cat11 ãŠã¯ã‚ˆã†ã”ã–ã„ã¾ã™ğŸˆğŸ¾
386,2021-02-19 23:58:54+00:00,1362914588946288643,Knowledge is power as they say https://t.co/oTZX9fNWOQ
387,2021-02-19 23:58:54+00:00,1362914588623310855,"@Vhtempopro @IndigoLeo10 Think things are normal if you must. I know what I can see and even if it scares me I accept it.

This weather is not normal. I don't know what is happening but I know it's not what I remember from my life."
388,2021-02-19 23:58:53+00:00,1362914587197267968,IVE BEEN GIVEN TOO MUCH POWER !!!!!
389,2021-02-19 23:58:53+00:00,1362914586882621442,@AppalachianPowe Our power is on!!
390,2021-02-19 23:58:53+00:00,1362914586467442696,"New Solids

Remembering Ed Rooksby | https://t.co/Qibvb6HjFy

Rest in power, comrade. https://t.co/gcc1l8y6vb"
391,2021-02-19 23:58:53+00:00,1362914585682931713,@deb_schell We got up to 43 but now it is getting colder againğŸ˜”. I'm glad the highs will be better for us though and No snow in forecast eitherğŸ’œ
392,2021-02-19 23:58:53+00:00,1362914585263693830,Iâ€™m glad I bought this purifier cause every grocery store is out of bottled water and every other thing you might need ğŸ˜¨
393,2021-02-19 23:58:53+00:00,1362914584932216836,all the snow is gone :(
394,2021-02-19 23:58:53+00:00,1362914584605188097,Ok but Sephiroth/Zack/Cloud woulc be such a power trio oml
395,2021-02-19 23:58:53+00:00,1362914584596602881,#3 Arashi #4 Sexy Zone #5 Snow Man #MTV #FridayLivestream
396,2021-02-19 23:58:53+00:00,1362914583162150912,"Camping at friend's place again. Hopefully power to my building will be up tomorrow. I can deal with water, but the power needs to be on."
397,2021-02-19 23:58:52+00:00,1362914582201794562,"i'm always gonna be the villain
they called me 'too nice' so i grew some horns
now they try to stone me
silent tears in the bathroom, salty sobs in the middle of the night
they didn't love me, they liked everything I COULD have done
power and strength is all i got"
398,2021-02-19 23:58:52+00:00,1362914582096998404,Do you know how good Iâ€™ll look on a damn power boat with a triple motor...HELLOOOOOO
399,2021-02-19 23:58:52+00:00,1362914582021496832,RKINâ“‡ CBS Salt-Free Water Softener with ZEE Pro PreFilter Giveaway https://t.co/Pl9MBLrbEH
400,2021-02-19 23:58:52+00:00,1362914581320990721,"Business Hosting offers simplicity, VPS power, and plans that grow with you - even for the most demanding web apps and sites. 
---
#MakersOfTheWeb #webdevelopment #webhosting #businesshosting https://t.co/iX2m1no39R"
401,2021-02-19 23:58:52+00:00,1362914580809347073,@SpencerKSchiff Time to power up the laser eyes kiddo
402,2021-02-19 23:58:52+00:00,1362914580339576834,@Brett_Shavers I can have rent water and internet. No power though.
403,2021-02-19 23:58:52+00:00,1362914579865432064,"@ayupon0609 ãƒãƒ§ã‚³ãƒ†ãƒªãƒ¼ãƒŒã‚’æ—¦é‚£ã•ã‚“ã®ãŸã‚ã«æº–å‚™ã™ã‚‹ã‚ã‚†ã¡ã‚ƒã‚“ç´ æ•µğŸ˜
ç€å®Ÿã«æ¸›ã£ã¦ã„ã£ã¦ã‚‹ã­âœ¨"
404,2021-02-19 23:58:52+00:00,1362914579853017093,"@austinenergy is all over the news talking about how power is on through most of the city. We are on Day 5 with no power except for 15 minutes. Is that what you guys mean by ""power restored""? Another freezing night ahead in 78729."
405,2021-02-19 23:58:51+00:00,1362914578384838656,"I will show you the power of a God. Now, receive my judgement."
406,2021-02-19 23:58:51+00:00,1362914577378238465,@digi_snow ç¨®é›†ã‚ã®ãŠã‹ã’ã§é•·ãéŠã¹ã‚‹ã®ãŒã„ã„ã‚ˆã­(â—Â´Ğ”ï½€)æ¨ã—ã‚’å¼·ãã§ãã‚‹
407,2021-02-19 23:58:51+00:00,1362914576208191491,"Been struggling to find a job, money is short and now our water heater decided to break and flood the bathroom... And we gotta buy a brand new one when we're already struggling... Can I, PLEASE, get some rest ?"
408,2021-02-19 23:58:51+00:00,1362914575826505728,Idk why I wrote â€œsuper power heroesâ€ ... redundant ğŸ˜­
409,2021-02-19 23:58:51+00:00,1362914575683878913,"@washingtonpost I'm sorry, but there's got to be more to this story.  This cold weather started on Sunday.  Monday is when we got the most snow &amp; the power went out, but Tuesday morning, a child doesn't get up to see/play in the snow &amp; the parents don't check on him until 2pm??"
410,2021-02-19 23:58:51+00:00,1362914575130259457,"@ShigureJSDF_MMD å¤©æ°—æƒ…å ±(58åˆ†å‰)
20æ—¥  æ™´ã‚Œ -  17â„ƒ/2â„ƒ - 
21æ—¥  æ™´ã‚Œ -  22â„ƒ/8â„ƒ - 
22æ—¥  æ™´ã‚Œ -  22â„ƒ/8â„ƒ - 
23æ—¥  æ™´æ™‚ã€…æ›‡  - 16â„ƒ/4â„ƒ 
24æ—¥  æ™´æ™‚ã€…æ›‡  - 11â„ƒ/2â„ƒ 
25æ—¥  æ›‡ã‚Š -  10â„ƒ/2â„ƒ -"
411,2021-02-19 23:58:51+00:00,1362914575054745606,"@paigeno1 @MeghanMcCain @AOC 500K?  I will use youâ€™re number. 2 years ago she wasnâ€™t worth 50k. Who do these political figures answer too. Not you or me because they donâ€™t care about anyone, just power and money. Lobbyists own them!"
412,2021-02-19 23:58:50+00:00,1362914573976821767,"@twelvesoswaId honestly imagine the power, and i will ! i do plan to start eightâ€™s audio stuff at some point n stranded seems rly interesting tyğŸ¥º"
